phylum,CF_id,positive_species,total_species_in_phylum,percentage
2-12-FULL-45-22,CF12,2,2,100.0
2-12-FULL-45-22,CF14,1,2,50.0
2-12-FULL-45-22,CF6,1,2,50.0
2-12-FULL-45-22,CF7,1,2,50.0
4484-113,CF11,6,18,33.33333333333333
4484-113,CF12,16,18,88.88888888888889
4484-113,CF13,9,18,50.0
4484-113,CF14,15,18,83.33333333333334
4484-113,CF15_17,15,18,83.33333333333334
4484-113,CF16,7,18,38.88888888888889
4484-113,CF19,1,18,5.555555555555555
4484-113,CF21,6,18,33.33333333333333
4484-113,CF7,2,18,11.11111111111111
4484-113,CF9_9,6,18,33.33333333333333
4572-55,CF12,2,2,100.0
4572-55,CF13,2,2,100.0
4572-55,CF14,2,2,100.0
4572-55,CF16,1,2,50.0
4572-55,CF24,2,2,100.0
4572-55,CF5,1,2,50.0
4572-55,CF9_9,2,2,100.0
ARS69,CF12,6,9,66.66666666666666
ARS69,CF13,5,9,55.55555555555556
ARS69,CF14,1,9,11.11111111111111
ARS69,CF18,1,9,11.11111111111111
ARS69,CF2_10,3,9,33.33333333333333
ARS69,CF2_4,4,9,44.44444444444444
ARS69,CF7,1,9,11.11111111111111
ARS69,CF9_9,4,9,44.44444444444444
AUK180,CF12,7,9,77.77777777777779
AUK180,CF13,7,9,77.77777777777779
AUK180,CF14,3,9,33.33333333333333
AUK180,CF24,7,9,77.77777777777779
AUK180,CF6,6,9,66.66666666666666
Abyssobacteria,CF12,3,3,100.0
Abyssobacteria,CF13,1,3,33.33333333333333
Abyssobacteria,CF14,1,3,33.33333333333333
Abyssobacteria,CF15_17,3,3,100.0
Abyssobacteria,CF23,1,3,33.33333333333333
Abyssobacteria,CF6,3,3,100.0
Acidobacteriota,CF0,45,5462,0.8238740388136214
Acidobacteriota,CF1,81,5462,1.4829732698645186
Acidobacteriota,CF11,23,5462,0.4210911753936287
Acidobacteriota,CF12,3757,5462,68.78432808495056
Acidobacteriota,CF13,3520,5462,64.44525814719883
Acidobacteriota,CF14,2365,5462,43.29915781764922
Acidobacteriota,CF15_17,3365,5462,61.60746979128524
Acidobacteriota,CF16,989,5462,18.106920541926034
Acidobacteriota,CF17_20,928,5462,16.990113511534236
Acidobacteriota,CF18,1264,5462,23.141706334675945
Acidobacteriota,CF19,569,5462,10.417429512998902
Acidobacteriota,CF20,7,5462,0.12815818381545221
Acidobacteriota,CF21,1410,5462,25.814719882826804
Acidobacteriota,CF22,28,5462,0.5126327352618089
Acidobacteriota,CF23,458,5462,8.385206883925301
Acidobacteriota,CF24,3435,5462,62.88905162943976
Acidobacteriota,CF25,3,5462,0.054924935920908094
Acidobacteriota,CF26,1,5462,0.01830831197363603
Acidobacteriota,CF2_10,140,5462,2.5631636763090446
Acidobacteriota,CF2_4,197,5462,3.606737458806298
Acidobacteriota,CF3,16,5462,0.2929329915781765
Acidobacteriota,CF4,1050,5462,19.223727572317834
Acidobacteriota,CF5,464,5462,8.495056755767118
Acidobacteriota,CF6,1704,5462,31.197363603075797
Acidobacteriota,CF7,765,5462,14.005858659831564
Acidobacteriota,CF8,11,5462,0.20139143170999635
Acidobacteriota,CF9_9,440,5462,8.055657268399854
Actinomycetota,CF0,6018,59430,10.126198889449773
Actinomycetota,CF1,12070,59430,20.309607942116774
Actinomycetota,CF10,4041,59430,6.79959616355376
Actinomycetota,CF11,5855,59430,9.851926636378932
Actinomycetota,CF12,16921,59430,28.472152111728082
Actinomycetota,CF13,16564,59430,27.871445397947163
Actinomycetota,CF14,14496,59430,24.391721352852095
Actinomycetota,CF15_17,15594,59430,26.23927309439677
Actinomycetota,CF16,5598,59430,9.419485108531045
Actinomycetota,CF17_20,7233,59430,12.170620898536093
Actinomycetota,CF18,10530,59430,17.718324078748108
Actinomycetota,CF19,6252,59430,10.519939424533064
Actinomycetota,CF20,13406,59430,22.557630826182063
Actinomycetota,CF21,7956,59430,13.387178192831902
Actinomycetota,CF22,3932,59430,6.616187110886758
Actinomycetota,CF23,7630,59430,12.838633686690223
Actinomycetota,CF24,15967,59430,26.866902237926972
Actinomycetota,CF25,3860,59430,6.495036177014976
Actinomycetota,CF26,2606,59430,4.384990745414774
Actinomycetota,CF2_10,6043,59430,10.16826518593303
Actinomycetota,CF2_4,9589,59430,16.134948679118292
Actinomycetota,CF3,1869,59430,3.1448763250883394
Actinomycetota,CF4,10305,59430,17.33972741039879
Actinomycetota,CF5,14021,59430,23.592461719670197
Actinomycetota,CF6,10904,59430,18.34763587413764
Actinomycetota,CF7,8477,59430,14.263839811542992
Actinomycetota,CF8,6381,59430,10.737001514386673
Actinomycetota,CF9_9,7336,59430,12.343934040047113
Aerophobota,CF12,21,30,70.0
Aerophobota,CF13,14,30,46.666666666666664
Aerophobota,CF14,12,30,40.0
Aerophobota,CF24,20,30,66.66666666666666
Aerophobota,CF6,4,30,13.333333333333334
Aerophobota,CF7,1,30,3.3333333333333335
Aquificota,CF1,1,328,0.3048780487804878
Aquificota,CF10,27,328,8.231707317073171
Aquificota,CF12,153,328,46.646341463414636
Aquificota,CF13,16,328,4.878048780487805
Aquificota,CF14,140,328,42.68292682926829
Aquificota,CF15_17,21,328,6.402439024390244
Aquificota,CF18,5,328,1.524390243902439
Aquificota,CF22,64,328,19.51219512195122
Aquificota,CF23,39,328,11.890243902439025
Aquificota,CF24,138,328,42.073170731707314
Aquificota,CF25,6,328,1.8292682926829267
Aquificota,CF26,2,328,0.6097560975609756
Aquificota,CF5,80,328,24.390243902439025
Aquificota,CF6,15,328,4.573170731707317
Arandabacterota,CF12,9,12,75.0
Arandabacterota,CF13,6,12,50.0
Arandabacterota,CF14,5,12,41.66666666666667
Arandabacterota,CF24,6,12,50.0
Arandabacterota,CF6,6,12,50.0
Arandabacterota,CF7,1,12,8.333333333333332
Armatimonadota,CF1,60,744,8.064516129032258
Armatimonadota,CF10,1,744,0.13440860215053765
Armatimonadota,CF11,5,744,0.6720430107526881
Armatimonadota,CF12,439,744,59.005376344086024
Armatimonadota,CF13,355,744,47.715053763440864
Armatimonadota,CF14,316,744,42.473118279569896
Armatimonadota,CF15_17,203,744,27.284946236559136
Armatimonadota,CF16,17,744,2.28494623655914
Armatimonadota,CF17_20,41,744,5.510752688172043
Armatimonadota,CF18,106,744,14.24731182795699
Armatimonadota,CF20,6,744,0.8064516129032258
Armatimonadota,CF21,66,744,8.870967741935484
Armatimonadota,CF22,4,744,0.5376344086021506
Armatimonadota,CF23,32,744,4.301075268817205
Armatimonadota,CF24,254,744,34.13978494623656
Armatimonadota,CF25,2,744,0.2688172043010753
Armatimonadota,CF26,1,744,0.13440860215053765
Armatimonadota,CF2_4,3,744,0.4032258064516129
Armatimonadota,CF4,47,744,6.317204301075269
Armatimonadota,CF5,227,744,30.510752688172044
Armatimonadota,CF6,85,744,11.424731182795698
Armatimonadota,CF7,67,744,9.005376344086022
Atribacterota,CF12,63,126,50.0
Atribacterota,CF13,61,126,48.41269841269841
Atribacterota,CF14,34,126,26.984126984126984
Atribacterota,CF15_17,31,126,24.6031746031746
Atribacterota,CF17_20,4,126,3.1746031746031744
Atribacterota,CF18,1,126,0.7936507936507936
Atribacterota,CF20,5,126,3.968253968253968
Atribacterota,CF21,5,126,3.968253968253968
Atribacterota,CF22,7,126,5.555555555555555
Atribacterota,CF24,24,126,19.047619047619047
Atribacterota,CF25,1,126,0.7936507936507936
Atribacterota,CF2_10,4,126,3.1746031746031744
Atribacterota,CF2_4,8,126,6.349206349206349
Atribacterota,CF3,15,126,11.904761904761903
Atribacterota,CF5,28,126,22.22222222222222
Atribacterota,CF6,12,126,9.523809523809524
Atribacterota,CF7,5,126,3.968253968253968
Atribacterota,CF9_9,34,126,26.984126984126984
Auribacterota,CF12,5,9,55.55555555555556
Auribacterota,CF13,5,9,55.55555555555556
Auribacterota,CF24,5,9,55.55555555555556
Auribacterota,CF6,3,9,33.33333333333333
B130-G9,CF12,4,4,100.0
B130-G9,CF13,3,4,75.0
B130-G9,CF14,3,4,75.0
B130-G9,CF24,4,4,100.0
B130-G9,CF5,1,4,25.0
B130-G9,CF6,4,4,100.0
BMS3Abin14,CF12,13,20,65.0
BMS3Abin14,CF13,12,20,60.0
BMS3Abin14,CF14,5,20,25.0
BMS3Abin14,CF15_17,12,20,60.0
BMS3Abin14,CF23,9,20,45.0
BMS3Abin14,CF24,12,20,60.0
BMS3Abin14,CF2_4,2,20,10.0
BMS3Abin14,CF5,2,20,10.0
BMS3Abin14,CF6,7,20,35.0
BS750m-G25,CF12,1,1,100.0
BS750m-G25,CF9_9,1,1,100.0
Babelota,CF1,20,194,10.309278350515463
Babelota,CF12,145,194,74.74226804123711
Babelota,CF13,132,194,68.04123711340206
Babelota,CF14,128,194,65.97938144329896
Babelota,CF15_17,48,194,24.742268041237114
Babelota,CF18,1,194,0.5154639175257731
Babelota,CF22,2,194,1.0309278350515463
Babelota,CF24,1,194,0.5154639175257731
Babelota,CF3,100,194,51.546391752577314
Babelota,CF5,29,194,14.948453608247423
Babelota,CF7,1,194,0.5154639175257731
Bacillota,CF0,11584,205871,5.6268245648974355
Bacillota,CF1,15837,205871,7.69268133928528
Bacillota,CF10,3661,205871,1.7782980604359038
Bacillota,CF11,7130,205871,3.463333835265773
Bacillota,CF12,24547,205871,11.923486066517382
Bacillota,CF13,23705,205871,11.51449208484925
Bacillota,CF14,22361,205871,10.861656085607006
Bacillota,CF15_17,17134,205871,8.322687508196882
Bacillota,CF16,21568,205871,10.476463416411248
Bacillota,CF17_20,7337,205871,3.56388223693478
Bacillota,CF18,10376,205871,5.0400493512928
Bacillota,CF19,4445,205871,2.1591190599938797
Bacillota,CF20,4152,205871,2.0167969262305037
Bacillota,CF21,1123,205871,0.5454872225811309
Bacillota,CF22,3220,205871,1.5640862481845426
Bacillota,CF23,3997,205871,1.941507060246465
Bacillota,CF24,23605,205871,11.465917977762775
Bacillota,CF25,3316,205871,1.61071739098756
Bacillota,CF26,10853,205871,5.271747842095293
Bacillota,CF2_10,8994,205871,4.368755191357695
Bacillota,CF2_4,16253,205871,7.894749624765023
Bacillota,CF3,6764,205871,3.2855526033292692
Bacillota,CF4,2766,205871,1.3435598020119395
Bacillota,CF5,19194,205871,9.323314114178297
Bacillota,CF6,12473,205871,6.058648376896212
Bacillota,CF7,3686,205871,1.7904415872075232
Bacillota,CF8,11484,205871,5.5782504578109595
Bacillota,CF9_9,22296,205871,10.830082916000796
Bacteroidota,CF0,450,89203,0.5044673385424258
Bacteroidota,CF1,15415,89203,17.28080894140332
Bacteroidota,CF10,242,89203,0.2712913242828156
Bacteroidota,CF11,3,89203,0.0033631155902828377
Bacteroidota,CF12,16824,89203,18.860352230306155
Bacteroidota,CF13,16677,89203,18.695559566382297
Bacteroidota,CF14,15299,89203,17.150768471912382
Bacteroidota,CF15_17,5,89203,0.0056051926504713965
Bacteroidota,CF16,1669,89203,1.8710133067273524
Bacteroidota,CF17_20,10136,89203,11.362846541035616
Bacteroidota,CF18,7236,89203,8.111834803762205
Bacteroidota,CF19,580,89203,0.650202347454682
Bacteroidota,CF20,127,89203,0.14237189332197348
Bacteroidota,CF21,5722,89203,6.414582469199466
Bacteroidota,CF22,698,89203,0.782484894005807
Bacteroidota,CF23,6584,89203,7.380917682140735
Bacteroidota,CF24,15617,89203,17.507258724482362
Bacteroidota,CF25,260,89203,0.29147001782451265
Bacteroidota,CF26,2421,89203,2.7140342813582503
Bacteroidota,CF2_10,1109,89203,1.2432317298745559
Bacteroidota,CF2_4,2244,89203,2.515610461531563
Bacteroidota,CF3,1362,89203,1.5268544779884086
Bacteroidota,CF4,3491,89203,3.913545508559129
Bacteroidota,CF5,12899,89203,14.46027599968611
Bacteroidota,CF6,2983,89203,3.344057935271235
Bacteroidota,CF7,3959,89203,4.438191540643252
Bacteroidota,CF8,687,89203,0.77015347017477
Bacteroidota,CF9_9,14190,89203,15.907536742037824
Bacteroidota_A,CF1,11,2885,0.38128249566724437
Bacteroidota_A,CF12,1314,2885,45.545927209705376
Bacteroidota_A,CF13,1237,2885,42.87694974003466
Bacteroidota_A,CF14,1204,2885,41.733102253032925
Bacteroidota_A,CF15_17,1,2885,0.03466204506065858
Bacteroidota_A,CF16,1,2885,0.03466204506065858
Bacteroidota_A,CF17_20,232,2885,8.04159445407279
Bacteroidota_A,CF18,325,2885,11.265164644714037
Bacteroidota_A,CF19,8,2885,0.2772963604852686
Bacteroidota_A,CF20,44,2885,1.5251299826689775
Bacteroidota_A,CF21,121,2885,4.194107452339688
Bacteroidota_A,CF22,8,2885,0.2772963604852686
Bacteroidota_A,CF23,199,2885,6.897746967071057
Bacteroidota_A,CF24,1246,2885,43.18890814558059
Bacteroidota_A,CF25,1,2885,0.03466204506065858
Bacteroidota_A,CF26,1,2885,0.03466204506065858
Bacteroidota_A,CF2_10,17,2885,0.5892547660311959
Bacteroidota_A,CF2_4,43,2885,1.490467937608319
Bacteroidota_A,CF3,18,2885,0.6239168110918544
Bacteroidota_A,CF4,147,2885,5.095320623916811
Bacteroidota_A,CF5,934,2885,32.37435008665511
Bacteroidota_A,CF6,275,2885,9.532062391681109
Bacteroidota_A,CF7,169,2885,5.8578856152513
Bacteroidota_A,CF8,1,2885,0.03466204506065858
Bacteroidota_A,CF9_9,866,2885,30.017331022530332
Bdellovibrionota,CF0,14,784,1.7857142857142856
Bdellovibrionota,CF1,426,784,54.33673469387755
Bdellovibrionota,CF10,1,784,0.12755102040816327
Bdellovibrionota,CF12,540,784,68.87755102040816
Bdellovibrionota,CF13,526,784,67.09183673469387
Bdellovibrionota,CF14,472,784,60.204081632653065
Bdellovibrionota,CF15_17,14,784,1.7857142857142856
Bdellovibrionota,CF16,348,784,44.38775510204081
Bdellovibrionota,CF17_20,33,784,4.209183673469387
Bdellovibrionota,CF18,66,784,8.418367346938775
Bdellovibrionota,CF19,5,784,0.6377551020408163
Bdellovibrionota,CF21,14,784,1.7857142857142856
Bdellovibrionota,CF22,19,784,2.423469387755102
Bdellovibrionota,CF23,24,784,3.061224489795918
Bdellovibrionota,CF24,478,784,60.96938775510205
Bdellovibrionota,CF25,7,784,0.8928571428571428
Bdellovibrionota,CF2_10,9,784,1.1479591836734695
Bdellovibrionota,CF2_4,11,784,1.403061224489796
Bdellovibrionota,CF3,1,784,0.12755102040816327
Bdellovibrionota,CF4,99,784,12.627551020408163
Bdellovibrionota,CF5,244,784,31.122448979591837
Bdellovibrionota,CF6,72,784,9.183673469387756
Bdellovibrionota,CF7,74,784,9.438775510204081
Bdellovibrionota,CF8,14,784,1.7857142857142856
Bdellovibrionota,CF9_9,4,784,0.5102040816326531
Bdellovibrionota_B,CF0,12,213,5.633802816901409
Bdellovibrionota_B,CF1,118,213,55.39906103286385
Bdellovibrionota_B,CF10,3,213,1.4084507042253522
Bdellovibrionota_B,CF11,3,213,1.4084507042253522
Bdellovibrionota_B,CF12,156,213,73.23943661971832
Bdellovibrionota_B,CF13,149,213,69.95305164319248
Bdellovibrionota_B,CF14,142,213,66.66666666666666
Bdellovibrionota_B,CF15_17,129,213,60.56338028169014
Bdellovibrionota_B,CF16,124,213,58.21596244131455
Bdellovibrionota_B,CF17_20,30,213,14.084507042253522
Bdellovibrionota_B,CF18,44,213,20.657276995305164
Bdellovibrionota_B,CF19,3,213,1.4084507042253522
Bdellovibrionota_B,CF21,12,213,5.633802816901409
Bdellovibrionota_B,CF22,8,213,3.755868544600939
Bdellovibrionota_B,CF23,12,213,5.633802816901409
Bdellovibrionota_B,CF24,79,213,37.08920187793427
Bdellovibrionota_B,CF25,2,213,0.9389671361502347
Bdellovibrionota_B,CF2_10,2,213,0.9389671361502347
Bdellovibrionota_B,CF2_4,3,213,1.4084507042253522
Bdellovibrionota_B,CF3,17,213,7.981220657276995
Bdellovibrionota_B,CF4,8,213,3.755868544600939
Bdellovibrionota_B,CF5,97,213,45.539906103286384
Bdellovibrionota_B,CF6,33,213,15.492957746478872
Bdellovibrionota_B,CF7,15,213,7.042253521126761
Bdellovibrionota_B,CF8,14,213,6.572769953051644
Bdellovibrionota_B,CF9_9,20,213,9.389671361502346
Bdellovibrionota_F,CF12,2,3,66.66666666666666
Bdellovibrionota_F,CF13,1,3,33.33333333333333
Bdellovibrionota_F,CF14,1,3,33.33333333333333
Bdellovibrionota_F,CF15_17,1,3,33.33333333333333
Bdellovibrionota_F,CF16,1,3,33.33333333333333
Bdellovibrionota_F,CF24,2,3,66.66666666666666
Bdellovibrionota_F,CF6,1,3,33.33333333333333
Bdellovibrionota_G,CF1,1,14,7.142857142857142
Bdellovibrionota_G,CF12,11,14,78.57142857142857
Bdellovibrionota_G,CF13,9,14,64.28571428571429
Bdellovibrionota_G,CF14,7,14,50.0
Bdellovibrionota_G,CF15_17,10,14,71.42857142857143
Bdellovibrionota_G,CF16,8,14,57.14285714285714
Bdellovibrionota_G,CF17_20,1,14,7.142857142857142
Bdellovibrionota_G,CF18,3,14,21.428571428571427
Bdellovibrionota_G,CF22,1,14,7.142857142857142
Bdellovibrionota_G,CF24,2,14,14.285714285714285
Bdellovibrionota_G,CF6,3,14,21.428571428571427
Bipolaricaulota,CF12,119,216,55.092592592592595
Bipolaricaulota,CF13,80,216,37.03703703703704
Bipolaricaulota,CF14,51,216,23.61111111111111
Bipolaricaulota,CF17_20,26,216,12.037037037037036
Bipolaricaulota,CF21,1,216,0.4629629629629629
Bipolaricaulota,CF24,112,216,51.85185185185185
Bipolaricaulota,CF5,87,216,40.27777777777778
Bipolaricaulota,CF7,11,216,5.092592592592593
Bipolaricaulota,CF9_9,71,216,32.870370370370374
Blakebacterota,CF12,4,5,80.0
Blakebacterota,CF13,4,5,80.0
Blakebacterota,CF14,2,5,40.0
Blakebacterota,CF17_20,1,5,20.0
Blakebacterota,CF24,3,5,60.0
Blakebacterota,CF9_9,4,5,80.0
CAIJMQ01,CF12,7,12,58.333333333333336
CAIJMQ01,CF13,4,12,33.33333333333333
CAIJMQ01,CF24,4,12,33.33333333333333
CAIJMQ01,CF6,3,12,25.0
CAIWAD01,CF12,8,16,50.0
CAIWAD01,CF13,8,16,50.0
CAIWAD01,CF14,8,16,50.0
CAIWAD01,CF16,7,16,43.75
CAIWAD01,CF18,1,16,6.25
CAIWAD01,CF23,5,16,31.25
CAIWAD01,CF5,8,16,50.0
CAIWAD01,CF6,1,16,6.25
CAIWAD01,CF7,1,16,6.25
CAIWAD01,CF9_9,8,16,50.0
CAKKQC01,CF12,2,3,66.66666666666666
CAKKQC01,CF13,2,3,66.66666666666666
CAKKQC01,CF24,2,3,66.66666666666666
CAKKQC01,CF6,2,3,66.66666666666666
CALINM01,CF12,5,5,100.0
CALINM01,CF14,5,5,100.0
CALINM01,CF15_17,5,5,100.0
CALINM01,CF16,5,5,100.0
CALINM01,CF25,1,5,20.0
CALINM01,CF6,5,5,100.0
CG03,CF12,17,25,68.0
CG03,CF13,8,25,32.0
CG03,CF14,7,25,28.000000000000004
CG03,CF15_17,15,25,60.0
CG03,CF24,1,25,4.0
CG03,CF2_10,2,25,8.0
CG03,CF2_4,2,25,8.0
CG03,CF5,8,25,32.0
CG03,CF6,1,25,4.0
CG2-30-53-67,CF12,6,13,46.15384615384615
CG2-30-53-67,CF13,6,13,46.15384615384615
CG2-30-53-67,CF14,5,13,38.46153846153847
CG2-30-53-67,CF15_17,6,13,46.15384615384615
CG2-30-53-67,CF16,2,13,15.384615384615385
CG2-30-53-67,CF21,2,13,15.384615384615385
CG2-30-53-67,CF24,6,13,46.15384615384615
CG2-30-70-394,CF12,3,12,25.0
CG2-30-70-394,CF13,3,12,25.0
CG2-30-70-394,CF14,3,12,25.0
CG2-30-70-394,CF15_17,3,12,25.0
CG2-30-70-394,CF16,3,12,25.0
CG2-30-70-394,CF24,3,12,25.0
CLD3,CF12,12,28,42.857142857142854
CLD3,CF13,12,28,42.857142857142854
CLD3,CF14,11,28,39.285714285714285
CLD3,CF16,1,28,3.571428571428571
CLD3,CF17_20,1,28,3.571428571428571
CLD3,CF18,8,28,28.57142857142857
CLD3,CF23,1,28,3.571428571428571
CLD3,CF24,9,28,32.142857142857146
CLD3,CF5,11,28,39.285714285714285
CLD3,CF9_9,11,28,39.285714285714285
CSSED10-310,CF12,9,10,90.0
CSSED10-310,CF13,9,10,90.0
CSSED10-310,CF14,5,10,50.0
CSSED10-310,CF16,1,10,10.0
CSSED10-310,CF18,3,10,30.0
CSSED10-310,CF21,2,10,20.0
CSSED10-310,CF24,7,10,70.0
CSSED10-310,CF2_10,1,10,10.0
CSSED10-310,CF2_4,2,10,20.0
CSSED10-310,CF5,7,10,70.0
CSSED10-310,CF6,4,10,40.0
CSSED10-310,CF9_9,3,10,30.0
Caldisericota,CF1,1,158,0.6329113924050633
Caldisericota,CF12,60,158,37.9746835443038
Caldisericota,CF13,58,158,36.708860759493675
Caldisericota,CF14,33,158,20.88607594936709
Caldisericota,CF15_17,57,158,36.075949367088604
Caldisericota,CF17_20,10,158,6.329113924050633
Caldisericota,CF18,1,158,0.6329113924050633
Caldisericota,CF21,3,158,1.89873417721519
Caldisericota,CF24,34,158,21.518987341772153
Caldisericota,CF2_10,9,158,5.69620253164557
Caldisericota,CF2_4,21,158,13.291139240506327
Caldisericota,CF5,42,158,26.582278481012654
Caldisericota,CF9_9,30,158,18.9873417721519
Calditrichota,CF1,3,71,4.225352112676056
Calditrichota,CF12,48,71,67.6056338028169
Calditrichota,CF13,38,71,53.52112676056338
Calditrichota,CF14,40,71,56.33802816901409
Calditrichota,CF16,1,71,1.4084507042253522
Calditrichota,CF17_20,4,71,5.633802816901409
Calditrichota,CF18,14,71,19.718309859154928
Calditrichota,CF21,3,71,4.225352112676056
Calditrichota,CF23,7,71,9.859154929577464
Calditrichota,CF24,47,71,66.19718309859155
Calditrichota,CF2_10,5,71,7.042253521126761
Calditrichota,CF2_4,7,71,9.859154929577464
Calditrichota,CF4,1,71,1.4084507042253522
Calditrichota,CF5,38,71,53.52112676056338
Calditrichota,CF6,26,71,36.61971830985916
Calditrichota,CF7,6,71,8.450704225352112
Calditrichota,CF9_9,40,71,56.33802816901409
Calescibacteriota,CF12,6,11,54.54545454545454
Calescibacteriota,CF14,5,11,45.45454545454545
Calescibacteriota,CF15_17,6,11,54.54545454545454
Calescibacteriota,CF23,1,11,9.090909090909092
Calescibacteriota,CF24,6,11,54.54545454545454
Calescibacteriota,CF6,4,11,36.36363636363637
Campylobacterota,CF0,444,12704,3.494962216624685
Campylobacterota,CF1,895,12704,7.045025188916878
Campylobacterota,CF10,30,12704,0.23614609571788414
Campylobacterota,CF11,9,12704,0.07084382871536524
Campylobacterota,CF12,1304,12704,10.26448362720403
Campylobacterota,CF13,1286,12704,10.1227959697733
Campylobacterota,CF14,1225,12704,9.642632241813603
Campylobacterota,CF15_17,24,12704,0.1889168765743073
Campylobacterota,CF16,1004,12704,7.903022670025189
Campylobacterota,CF17_20,211,12704,1.6608942065491183
Campylobacterota,CF18,198,12704,1.5585642317380353
Campylobacterota,CF19,97,12704,0.7635390428211587
Campylobacterota,CF21,338,12704,2.6605793450881614
Campylobacterota,CF22,329,12704,2.5897355163727958
Campylobacterota,CF23,851,12704,6.698677581863979
Campylobacterota,CF24,1211,12704,9.53243073047859
Campylobacterota,CF25,52,12704,0.4093198992443325
Campylobacterota,CF26,1158,12704,9.115239294710326
Campylobacterota,CF2_10,46,12704,0.3620906801007557
Campylobacterota,CF2_4,344,12704,2.707808564231738
Campylobacterota,CF3,156,12704,1.2279596977329974
Campylobacterota,CF4,106,12704,0.8343828715365239
Campylobacterota,CF5,559,12704,4.400188916876574
Campylobacterota,CF6,542,12704,4.266372795969773
Campylobacterota,CF7,375,12704,2.9518261964735517
Campylobacterota,CF8,481,12704,3.7862090680100753
Campylobacterota,CF9_9,933,12704,7.3441435768261965
Chlamydiota,CF0,66,1033,6.389157792836399
Chlamydiota,CF1,329,1033,31.84898354307841
Chlamydiota,CF10,12,1033,1.1616650532429817
Chlamydiota,CF12,370,1033,35.81800580832527
Chlamydiota,CF13,366,1033,35.43078412391094
Chlamydiota,CF14,311,1033,30.10648596321394
Chlamydiota,CF16,286,1033,27.686350435624398
Chlamydiota,CF17_20,127,1033,12.294288480154888
Chlamydiota,CF18,2,1033,0.1936108422071636
Chlamydiota,CF19,23,1033,2.2265246853823815
Chlamydiota,CF20,86,1033,8.325266214908035
Chlamydiota,CF22,9,1033,0.8712487899322363
Chlamydiota,CF23,1,1033,0.0968054211035818
Chlamydiota,CF24,3,1033,0.29041626331074544
Chlamydiota,CF3,251,1033,24.298160696999034
Chlamydiota,CF5,109,1033,10.551790900290415
Chlamydiota,CF6,38,1033,3.6786060019361084
Chlamydiota,CF7,42,1033,4.065827686350436
Chlamydiota,CF8,115,1033,11.132623426911907
Chloroflexota,CF0,75,6904,1.086326767091541
Chloroflexota,CF1,242,6904,3.5052143684820396
Chloroflexota,CF10,6,6904,0.08690614136732329
Chloroflexota,CF11,83,6904,1.2022016222479721
Chloroflexota,CF12,4177,6904,60.50115874855157
Chloroflexota,CF13,3638,6904,52.694090382387024
Chloroflexota,CF14,786,6904,11.384704519119351
Chloroflexota,CF15_17,564,6904,8.16917728852839
Chloroflexota,CF16,134,6904,1.94090382387022
Chloroflexota,CF17_20,255,6904,3.69351100811124
Chloroflexota,CF18,1133,6904,16.410776361529546
Chloroflexota,CF19,6,6904,0.08690614136732329
Chloroflexota,CF20,30,6904,0.4345307068366165
Chloroflexota,CF21,567,6904,8.212630359212051
Chloroflexota,CF22,21,6904,0.30417149478563155
Chloroflexota,CF23,275,6904,3.9831981460023176
Chloroflexota,CF24,2076,6904,30.069524913093858
Chloroflexota,CF25,10,6904,0.14484356894553882
Chloroflexota,CF26,70,6904,1.0139049826187718
Chloroflexota,CF2_10,81,6904,1.1732329084588644
Chloroflexota,CF2_4,480,6904,6.952491309385864
Chloroflexota,CF3,6,6904,0.08690614136732329
Chloroflexota,CF4,628,6904,9.096176129779836
Chloroflexota,CF5,2531,6904,36.659907300115876
Chloroflexota,CF6,558,6904,8.082271147161066
Chloroflexota,CF7,514,6904,7.444959443800696
Chloroflexota,CF8,69,6904,0.999420625724218
Chloroflexota,CF9_9,1134,6904,16.425260718424102
Chrysiogenota,CF0,24,626,3.8338658146964857
Chrysiogenota,CF1,4,626,0.6389776357827476
Chrysiogenota,CF10,2,626,0.3194888178913738
Chrysiogenota,CF11,3,626,0.4792332268370607
Chrysiogenota,CF12,58,626,9.26517571884984
Chrysiogenota,CF13,56,626,8.945686900958465
Chrysiogenota,CF14,51,626,8.146964856230031
Chrysiogenota,CF15_17,54,626,8.626198083067091
Chrysiogenota,CF16,48,626,7.667731629392971
Chrysiogenota,CF17_20,6,626,0.9584664536741214
Chrysiogenota,CF18,9,626,1.4376996805111821
Chrysiogenota,CF19,2,626,0.3194888178913738
Chrysiogenota,CF20,1,626,0.1597444089456869
Chrysiogenota,CF22,3,626,0.4792332268370607
Chrysiogenota,CF23,48,626,7.667731629392971
Chrysiogenota,CF24,53,626,8.466453674121405
Chrysiogenota,CF25,2,626,0.3194888178913738
Chrysiogenota,CF2_10,8,626,1.2779552715654952
Chrysiogenota,CF2_4,31,626,4.952076677316294
Chrysiogenota,CF5,33,626,5.271565495207668
Chrysiogenota,CF6,24,626,3.8338658146964857
Chrysiogenota,CF7,27,626,4.313099041533546
Chrysiogenota,CF8,27,626,4.313099041533546
Chrysiogenota,CF9_9,17,626,2.7156549520766773
Cloacimonadota,CF0,1,512,0.1953125
Cloacimonadota,CF1,2,512,0.390625
Cloacimonadota,CF12,179,512,34.9609375
Cloacimonadota,CF13,168,512,32.8125
Cloacimonadota,CF14,90,512,17.578125
Cloacimonadota,CF16,133,512,25.9765625
Cloacimonadota,CF17_20,24,512,4.6875
Cloacimonadota,CF18,2,512,0.390625
Cloacimonadota,CF22,2,512,0.390625
Cloacimonadota,CF23,6,512,1.171875
Cloacimonadota,CF24,158,512,30.859375
Cloacimonadota,CF2_10,41,512,8.0078125
Cloacimonadota,CF2_4,42,512,8.203125
Cloacimonadota,CF3,2,512,0.390625
Cloacimonadota,CF5,9,512,1.7578125
Cloacimonadota,CF6,6,512,1.171875
Cloacimonadota,CF7,30,512,5.859375
Cloacimonadota,CF8,1,512,0.1953125
Cloacimonadota,CF9_9,158,512,30.859375
Coprothermobacterota,CF11,4,22,18.181818181818183
Coprothermobacterota,CF12,8,22,36.36363636363637
Coprothermobacterota,CF13,7,22,31.818181818181817
Coprothermobacterota,CF14,7,22,31.818181818181817
Coprothermobacterota,CF15_17,7,22,31.818181818181817
Coprothermobacterota,CF18,5,22,22.727272727272727
Coprothermobacterota,CF20,6,22,27.27272727272727
Coprothermobacterota,CF24,6,22,27.27272727272727
Coprothermobacterota,CF5,8,22,36.36363636363637
Coprothermobacterota,CF6,6,22,27.27272727272727
Coprothermobacterota,CF9_9,7,22,31.818181818181817
Cyanobacteriota,CF0,76,7057,1.0769448774266686
Cyanobacteriota,CF1,270,7057,3.825988380331586
Cyanobacteriota,CF10,40,7057,0.5668130933824571
Cyanobacteriota,CF11,64,7057,0.9069009494119314
Cyanobacteriota,CF12,2716,7057,38.48660904066884
Cyanobacteriota,CF13,2268,7057,32.13830239478532
Cyanobacteriota,CF14,2150,7057,30.46620376930707
Cyanobacteriota,CF15_17,75,7057,1.062774550092107
Cyanobacteriota,CF16,2404,7057,34.06546691228567
Cyanobacteriota,CF17_20,374,7057,5.299702423125974
Cyanobacteriota,CF18,46,7057,0.6518350573898257
Cyanobacteriota,CF19,1,7057,0.014170327334561429
Cyanobacteriota,CF20,551,7057,7.8078503613433465
Cyanobacteriota,CF21,401,7057,5.682301261159132
Cyanobacteriota,CF22,16,7057,0.22672523735298286
Cyanobacteriota,CF23,118,7057,1.6720986254782486
Cyanobacteriota,CF24,2421,7057,34.30636247697322
Cyanobacteriota,CF25,8,7057,0.11336261867649143
Cyanobacteriota,CF26,56,7057,0.79353833073544
Cyanobacteriota,CF2_10,231,7057,3.2733456142836896
Cyanobacteriota,CF2_4,261,7057,3.698455434320533
Cyanobacteriota,CF4,43,7057,0.6093240753861414
Cyanobacteriota,CF5,1984,7057,28.113929431769876
Cyanobacteriota,CF6,480,7057,6.801757120589485
Cyanobacteriota,CF7,427,7057,6.050729771857729
Cyanobacteriota,CF8,74,7057,1.0486042227575458
Cyanobacteriota,CF9_9,10,7057,0.14170327334561428
DAOPZR01,CF12,1,1,100.0
DAOPZR01,CF13,1,1,100.0
DAOPZR01,CF14,1,1,100.0
DAOPZR01,CF15_17,1,1,100.0
DASVDK01,CF0,1,2,50.0
DASVDK01,CF12,2,2,100.0
DASVDK01,CF13,2,2,100.0
DASVDK01,CF14,2,2,100.0
DASVDK01,CF15_17,2,2,100.0
DASVDK01,CF24,2,2,100.0
DASVDK01,CF4,1,2,50.0
DASVDK01,CF5,2,2,100.0
DASVDK01,CF6,2,2,100.0
DASVDK01,CF8,1,2,50.0
DRYD01,CF12,9,17,52.94117647058824
DRYD01,CF13,1,17,5.88235294117647
DRYD01,CF14,8,17,47.05882352941176
DRYD01,CF15_17,9,17,52.94117647058824
DRYD01,CF18,1,17,5.88235294117647
DRYD01,CF24,8,17,47.05882352941176
DRYD01,CF5,9,17,52.94117647058824
DUMJ01,CF12,5,12,41.66666666666667
DUMJ01,CF13,5,12,41.66666666666667
DUMJ01,CF14,5,12,41.66666666666667
DUMJ01,CF15_17,5,12,41.66666666666667
DUMJ01,CF18,1,12,8.333333333333332
DUMJ01,CF24,5,12,41.66666666666667
DUMJ01,CF5,4,12,33.33333333333333
DYJV01,CF12,2,2,100.0
DYJV01,CF13,2,2,100.0
DYJV01,CF14,2,2,100.0
DYJV01,CF15_17,2,2,100.0
DYJV01,CF16,2,2,100.0
DYJV01,CF24,2,2,100.0
DYJV01,CF25,1,2,50.0
DYJV01,CF6,1,2,50.0
Deinococcota,CF0,37,588,6.292517006802721
Deinococcota,CF1,60,588,10.204081632653061
Deinococcota,CF10,85,588,14.45578231292517
Deinococcota,CF11,42,588,7.142857142857142
Deinococcota,CF12,259,588,44.047619047619044
Deinococcota,CF13,229,588,38.945578231292515
Deinococcota,CF14,179,588,30.4421768707483
Deinococcota,CF15_17,241,588,40.98639455782313
Deinococcota,CF16,202,588,34.35374149659864
Deinococcota,CF17_20,10,588,1.7006802721088436
Deinococcota,CF18,205,588,34.863945578231295
Deinococcota,CF20,105,588,17.857142857142858
Deinococcota,CF21,142,588,24.149659863945576
Deinococcota,CF22,92,588,15.646258503401361
Deinococcota,CF23,179,588,30.4421768707483
Deinococcota,CF24,248,588,42.17687074829932
Deinococcota,CF25,83,588,14.1156462585034
Deinococcota,CF26,233,588,39.625850340136054
Deinococcota,CF2_10,62,588,10.54421768707483
Deinococcota,CF2_4,103,588,17.517006802721088
Deinococcota,CF3,2,588,0.3401360544217687
Deinococcota,CF4,93,588,15.816326530612246
Deinococcota,CF5,246,588,41.83673469387755
Deinococcota,CF6,68,588,11.564625850340136
Deinococcota,CF7,102,588,17.346938775510203
Deinococcota,CF8,37,588,6.292517006802721
Deinococcota,CF9_9,212,588,36.054421768707485
Desantisbacteria,CF12,2,9,22.22222222222222
Desulfobacterota,CF0,49,3821,1.2823868097356714
Desulfobacterota,CF1,173,3821,4.52761057314839
Desulfobacterota,CF10,1,3821,0.026171159382360636
Desulfobacterota,CF11,24,3821,0.6281078251766553
Desulfobacterota,CF12,2192,3821,57.367181366134524
Desulfobacterota,CF13,1997,3821,52.2638052865742
Desulfobacterota,CF14,1811,3821,47.39596964145512
Desulfobacterota,CF15_17,1713,3821,44.83119602198377
Desulfobacterota,CF16,1170,3821,30.620256477361945
Desulfobacterota,CF17_20,204,3821,5.33891651400157
Desulfobacterota,CF18,235,3821,6.15022245485475
Desulfobacterota,CF19,29,3821,0.7589636220884586
Desulfobacterota,CF20,3,3821,0.07851347814708191
Desulfobacterota,CF21,250,3821,6.54278984559016
Desulfobacterota,CF22,56,3821,1.4655849254121958
Desulfobacterota,CF23,348,3821,9.107563465061503
Desulfobacterota,CF24,2011,3821,52.63020151792725
Desulfobacterota,CF25,19,3821,0.4972520282648521
Desulfobacterota,CF26,9,3821,0.23554043444124576
Desulfobacterota,CF2_10,268,3821,7.0138707144726515
Desulfobacterota,CF2_4,465,3821,12.169589112797697
Desulfobacterota,CF3,18,3821,0.4710808688824915
Desulfobacterota,CF5,535,3821,14.00157026956294
Desulfobacterota,CF6,310,3821,8.113059408531797
Desulfobacterota,CF7,526,3821,13.766029835121696
Desulfobacterota,CF8,57,3821,1.4917560847945563
Desulfobacterota,CF9_9,255,3821,6.673645642501963
Desulfobacterota_B,CF1,8,420,1.9047619047619049
Desulfobacterota_B,CF12,268,420,63.8095238095238
Desulfobacterota_B,CF13,245,420,58.333333333333336
Desulfobacterota_B,CF14,191,420,45.476190476190474
Desulfobacterota_B,CF15_17,238,420,56.666666666666664
Desulfobacterota_B,CF16,243,420,57.85714285714286
Desulfobacterota_B,CF17_20,7,420,1.6666666666666667
Desulfobacterota_B,CF18,58,420,13.80952380952381
Desulfobacterota_B,CF19,1,420,0.2380952380952381
Desulfobacterota_B,CF21,58,420,13.80952380952381
Desulfobacterota_B,CF23,14,420,3.3333333333333335
Desulfobacterota_B,CF24,257,420,61.1904761904762
Desulfobacterota_B,CF2_4,1,420,0.2380952380952381
Desulfobacterota_B,CF4,132,420,31.428571428571427
Desulfobacterota_B,CF5,10,420,2.380952380952381
Desulfobacterota_B,CF6,47,420,11.190476190476192
Desulfobacterota_B,CF7,54,420,12.857142857142856
Desulfobacterota_B,CF9_9,2,420,0.4761904761904762
Desulfobacterota_C,CF12,15,16,93.75
Desulfobacterota_C,CF13,15,16,93.75
Desulfobacterota_C,CF14,13,16,81.25
Desulfobacterota_C,CF15_17,15,16,93.75
Desulfobacterota_C,CF16,14,16,87.5
Desulfobacterota_C,CF18,1,16,6.25
Desulfobacterota_C,CF21,2,16,12.5
Desulfobacterota_C,CF23,2,16,12.5
Desulfobacterota_C,CF24,15,16,93.75
Desulfobacterota_C,CF2_10,5,16,31.25
Desulfobacterota_C,CF2_4,9,16,56.25
Desulfobacterota_C,CF5,9,16,56.25
Desulfobacterota_C,CF6,6,16,37.5
Desulfobacterota_D,CF12,72,146,49.31506849315068
Desulfobacterota_D,CF13,52,146,35.61643835616438
Desulfobacterota_D,CF14,38,146,26.027397260273972
Desulfobacterota_D,CF15_17,52,146,35.61643835616438
Desulfobacterota_D,CF18,12,146,8.21917808219178
Desulfobacterota_D,CF21,13,146,8.904109589041095
Desulfobacterota_D,CF22,1,146,0.684931506849315
Desulfobacterota_D,CF24,69,146,47.26027397260274
Desulfobacterota_D,CF2_4,2,146,1.36986301369863
Desulfobacterota_D,CF6,13,146,8.904109589041095
Desulfobacterota_D,CF7,2,146,1.36986301369863
Desulfobacterota_D,CF9_9,28,146,19.17808219178082
Desulfobacterota_E,CF12,53,102,51.9607843137255
Desulfobacterota_E,CF13,34,102,33.33333333333333
Desulfobacterota_E,CF14,48,102,47.05882352941176
Desulfobacterota_E,CF15_17,47,102,46.07843137254902
Desulfobacterota_E,CF21,2,102,1.9607843137254901
Desulfobacterota_E,CF23,9,102,8.823529411764707
Desulfobacterota_E,CF24,49,102,48.03921568627451
Desulfobacterota_E,CF25,1,102,0.9803921568627451
Desulfobacterota_E,CF6,10,102,9.803921568627452
Desulfobacterota_E,CF7,6,102,5.88235294117647
Desulfobacterota_G,CF0,6,149,4.026845637583892
Desulfobacterota_G,CF12,57,149,38.25503355704698
Desulfobacterota_G,CF13,44,149,29.53020134228188
Desulfobacterota_G,CF14,43,149,28.859060402684566
Desulfobacterota_G,CF15_17,56,149,37.58389261744966
Desulfobacterota_G,CF17_20,4,149,2.684563758389262
Desulfobacterota_G,CF18,1,149,0.6711409395973155
Desulfobacterota_G,CF21,5,149,3.3557046979865772
Desulfobacterota_G,CF24,3,149,2.013422818791946
Desulfobacterota_G,CF25,1,149,0.6711409395973155
Desulfobacterota_G,CF2_10,1,149,0.6711409395973155
Desulfobacterota_G,CF2_4,1,149,0.6711409395973155
Desulfobacterota_G,CF7,17,149,11.409395973154362
Desulfobacterota_G,CF8,4,149,2.684563758389262
Desulfobacterota_I,CF0,167,2085,8.009592326139089
Desulfobacterota_I,CF1,39,2085,1.870503597122302
Desulfobacterota_I,CF10,1,2085,0.047961630695443645
Desulfobacterota_I,CF11,22,2085,1.0551558752997603
Desulfobacterota_I,CF12,464,2085,22.25419664268585
Desulfobacterota_I,CF13,455,2085,21.822541966426858
Desulfobacterota_I,CF14,405,2085,19.424460431654676
Desulfobacterota_I,CF15_17,402,2085,19.280575539568346
Desulfobacterota_I,CF16,420,2085,20.14388489208633
Desulfobacterota_I,CF17_20,338,2085,16.211031175059954
Desulfobacterota_I,CF18,13,2085,0.6235011990407674
Desulfobacterota_I,CF19,49,2085,2.3501199040767387
Desulfobacterota_I,CF21,55,2085,2.6378896882494005
Desulfobacterota_I,CF23,47,2085,2.2541966426858515
Desulfobacterota_I,CF24,438,2085,21.007194244604317
Desulfobacterota_I,CF25,1,2085,0.047961630695443645
Desulfobacterota_I,CF26,16,2085,0.7673860911270983
Desulfobacterota_I,CF2_10,133,2085,6.378896882494005
Desulfobacterota_I,CF2_4,306,2085,14.676258992805755
Desulfobacterota_I,CF3,35,2085,1.6786570743405276
Desulfobacterota_I,CF5,351,2085,16.834532374100718
Desulfobacterota_I,CF6,166,2085,7.961630695443644
Desulfobacterota_I,CF7,260,2085,12.470023980815348
Desulfobacterota_I,CF8,171,2085,8.201438848920864
Desulfobacterota_I,CF9_9,244,2085,11.70263788968825
Dictyoglomota,CF12,8,21,38.095238095238095
Dictyoglomota,CF13,8,21,38.095238095238095
Dictyoglomota,CF14,5,21,23.809523809523807
Dictyoglomota,CF15_17,8,21,38.095238095238095
Dictyoglomota,CF16,5,21,23.809523809523807
Dictyoglomota,CF24,8,21,38.095238095238095
Dictyoglomota,CF5,8,21,38.095238095238095
Dictyoglomota,CF6,4,21,19.047619047619047
Dictyoglomota,CF9_9,5,21,23.809523809523807
Edwardsbacteria,CF12,15,32,46.875
Edwardsbacteria,CF13,14,32,43.75
Edwardsbacteria,CF14,14,32,43.75
Edwardsbacteria,CF24,12,32,37.5
Edwardsbacteria,CF6,3,32,9.375
Edwardsbacteria,CF7,7,32,21.875
Eisenbacteria,CF1,1,139,0.7194244604316548
Eisenbacteria,CF12,119,139,85.61151079136691
Eisenbacteria,CF13,114,139,82.01438848920863
Eisenbacteria,CF14,59,139,42.44604316546763
Eisenbacteria,CF15_17,2,139,1.4388489208633095
Eisenbacteria,CF17_20,1,139,0.7194244604316548
Eisenbacteria,CF18,8,139,5.755395683453238
Eisenbacteria,CF21,23,139,16.546762589928058
Eisenbacteria,CF23,3,139,2.158273381294964
Eisenbacteria,CF24,20,139,14.388489208633093
Eisenbacteria,CF25,1,139,0.7194244604316548
Eisenbacteria,CF2_10,5,139,3.597122302158273
Eisenbacteria,CF2_4,6,139,4.316546762589928
Eisenbacteria,CF6,17,139,12.23021582733813
Eisenbacteria,CF7,9,139,6.474820143884892
Eisenbacteria,CF9_9,13,139,9.352517985611511
Electryoneota,CF12,48,59,81.35593220338984
Electryoneota,CF13,38,59,64.40677966101694
Electryoneota,CF14,36,59,61.016949152542374
Electryoneota,CF5,8,59,13.559322033898304
Electryoneota,CF6,2,59,3.389830508474576
Electryoneota,CF7,18,59,30.508474576271187
Electryoneota,CF9_9,36,59,61.016949152542374
Elusimicrobiota,CF0,18,862,2.088167053364269
Elusimicrobiota,CF1,4,862,0.46403712296983757
Elusimicrobiota,CF11,9,862,1.0440835266821344
Elusimicrobiota,CF12,420,862,48.72389791183295
Elusimicrobiota,CF13,357,862,41.415313225058
Elusimicrobiota,CF14,324,862,37.58700696055685
Elusimicrobiota,CF15_17,387,862,44.895591647331784
Elusimicrobiota,CF16,123,862,14.269141531322504
Elusimicrobiota,CF17_20,103,862,11.948955916473318
Elusimicrobiota,CF18,37,862,4.292343387470997
Elusimicrobiota,CF19,42,862,4.872389791183294
Elusimicrobiota,CF22,10,862,1.160092807424594
Elusimicrobiota,CF23,3,862,0.34802784222737815
Elusimicrobiota,CF24,235,862,27.262180974477957
Elusimicrobiota,CF25,4,862,0.46403712296983757
Elusimicrobiota,CF26,29,862,3.3642691415313224
Elusimicrobiota,CF2_10,38,862,4.408352668213457
Elusimicrobiota,CF2_4,54,862,6.2645011600928076
Elusimicrobiota,CF3,1,862,0.11600928074245939
Elusimicrobiota,CF4,1,862,0.11600928074245939
Elusimicrobiota,CF5,158,862,18.329466357308586
Elusimicrobiota,CF6,125,862,14.501160092807424
Elusimicrobiota,CF7,23,862,2.668213457076566
Elusimicrobiota,CF8,21,862,2.436194895591647
FCPU426,CF12,13,14,92.85714285714286
FCPU426,CF13,13,14,92.85714285714286
FCPU426,CF14,6,14,42.857142857142854
FCPU426,CF16,2,14,14.285714285714285
FCPU426,CF18,5,14,35.714285714285715
FCPU426,CF22,1,14,7.142857142857142
FCPU426,CF24,13,14,92.85714285714286
FCPU426,CF4,5,14,35.714285714285715
Fermentibacterota,CF12,50,91,54.94505494505495
Fermentibacterota,CF13,50,91,54.94505494505495
Fermentibacterota,CF14,12,91,13.186813186813188
Fermentibacterota,CF17_20,5,91,5.4945054945054945
Fermentibacterota,CF18,5,91,5.4945054945054945
Fermentibacterota,CF21,1,91,1.098901098901099
Fermentibacterota,CF24,12,91,13.186813186813188
Fermentibacterota,CF5,45,91,49.45054945054945
Fermentibacterota,CF6,13,91,14.285714285714285
Fermentibacterota,CF7,6,91,6.593406593406594
Fermentibacterota,CF9_9,2,91,2.197802197802198
Fibrobacterota,CF0,19,446,4.260089686098654
Fibrobacterota,CF1,168,446,37.66816143497758
Fibrobacterota,CF10,2,446,0.4484304932735426
Fibrobacterota,CF11,1,446,0.2242152466367713
Fibrobacterota,CF12,219,446,49.10313901345291
Fibrobacterota,CF13,216,446,48.4304932735426
Fibrobacterota,CF14,189,446,42.37668161434978
Fibrobacterota,CF16,14,446,3.1390134529147984
Fibrobacterota,CF17_20,3,446,0.672645739910314
Fibrobacterota,CF18,63,446,14.125560538116591
Fibrobacterota,CF20,1,446,0.2242152466367713
Fibrobacterota,CF21,6,446,1.345291479820628
Fibrobacterota,CF22,3,446,0.672645739910314
Fibrobacterota,CF23,40,446,8.968609865470851
Fibrobacterota,CF24,52,446,11.659192825112108
Fibrobacterota,CF25,3,446,0.672645739910314
Fibrobacterota,CF2_10,10,446,2.242152466367713
Fibrobacterota,CF2_4,32,446,7.174887892376682
Fibrobacterota,CF4,8,446,1.7937219730941705
Fibrobacterota,CF5,13,446,2.914798206278027
Fibrobacterota,CF6,39,446,8.74439461883408
Fibrobacterota,CF7,10,446,2.242152466367713
Fibrobacterota,CF8,19,446,4.260089686098654
Fibrobacterota,CF9_9,4,446,0.8968609865470852
Firestonebacteria,CF12,11,44,25.0
Firestonebacteria,CF13,9,44,20.454545454545457
Firestonebacteria,CF14,11,44,25.0
Firestonebacteria,CF7,2,44,4.545454545454546
Fusobacteriota,CF0,130,1178,11.03565365025467
Fusobacteriota,CF1,121,1178,10.27164685908319
Fusobacteriota,CF10,106,1178,8.998302207130731
Fusobacteriota,CF11,143,1178,12.139219015280135
Fusobacteriota,CF12,162,1178,13.752122241086587
Fusobacteriota,CF13,160,1178,13.582342954159593
Fusobacteriota,CF14,154,1178,13.073005093378608
Fusobacteriota,CF15_17,146,1178,12.39388794567063
Fusobacteriota,CF16,149,1178,12.64855687606112
Fusobacteriota,CF17_20,121,1178,10.27164685908319
Fusobacteriota,CF18,100,1178,8.488964346349745
Fusobacteriota,CF19,3,1178,0.2546689303904924
Fusobacteriota,CF22,108,1178,9.168081494057725
Fusobacteriota,CF23,30,1178,2.5466893039049237
Fusobacteriota,CF24,154,1178,13.073005093378608
Fusobacteriota,CF25,63,1178,5.34804753820034
Fusobacteriota,CF26,70,1178,5.942275042444821
Fusobacteriota,CF2_10,101,1178,8.573853989813243
Fusobacteriota,CF2_4,126,1178,10.69609507640068
Fusobacteriota,CF3,110,1178,9.337860780984721
Fusobacteriota,CF4,17,1178,1.4431239388794566
Fusobacteriota,CF5,152,1178,12.903225806451612
Fusobacteriota,CF6,150,1178,12.73344651952462
Fusobacteriota,CF8,146,1178,12.39388794567063
Fusobacteriota,CF9_9,153,1178,12.98811544991511
GCA-001730085,CF12,2,2,100.0
GCA-001730085,CF13,1,2,50.0
GCA-001730085,CF14,2,2,100.0
GCA-001730085,CF15_17,1,2,50.0
GCA-2686955,CF12,2,2,100.0
GCA-2686955,CF13,2,2,100.0
GCA-2686955,CF24,2,2,100.0
GCA-2686955,CF5,2,2,100.0
GCA-2686955,CF9_9,1,2,50.0
Gemmatimonadota,CF0,2,2323,0.08609556607834697
Gemmatimonadota,CF1,58,2323,2.496771416272062
Gemmatimonadota,CF11,7,2323,0.30133448127421436
Gemmatimonadota,CF12,1398,2323,60.18080068876452
Gemmatimonadota,CF13,1187,2323,51.09771846749892
Gemmatimonadota,CF14,1088,2323,46.83598794662075
Gemmatimonadota,CF15_17,1,2323,0.04304778303917348
Gemmatimonadota,CF16,517,2323,22.255703831252692
Gemmatimonadota,CF17_20,181,2323,7.7916487300904
Gemmatimonadota,CF18,55,2323,2.3676280671545413
Gemmatimonadota,CF19,34,2323,1.4636246233318984
Gemmatimonadota,CF20,2,2323,0.08609556607834697
Gemmatimonadota,CF21,628,2323,27.034007748600946
Gemmatimonadota,CF22,1,2323,0.04304778303917348
Gemmatimonadota,CF23,139,2323,5.983641842445114
Gemmatimonadota,CF24,1082,2323,46.57770124838571
Gemmatimonadota,CF25,2,2323,0.08609556607834697
Gemmatimonadota,CF2_10,36,2323,1.5497201894102455
Gemmatimonadota,CF2_4,70,2323,3.013344812742144
Gemmatimonadota,CF3,4,2323,0.17219113215669393
Gemmatimonadota,CF4,298,2323,12.828239345673698
Gemmatimonadota,CF5,1007,2323,43.34911752044769
Gemmatimonadota,CF6,151,2323,6.500215238915195
Gemmatimonadota,CF7,141,2323,6.069737408523461
Gemmatimonadota,CF8,2,2323,0.08609556607834697
Gemmatimonadota,CF9_9,357,2323,15.368058544984933
Goldbacteria,CF12,15,22,68.18181818181817
Goldbacteria,CF13,12,22,54.54545454545454
Goldbacteria,CF14,15,22,68.18181818181817
Goldbacteria,CF24,1,22,4.545454545454546
Goldbacteria,CF6,4,22,18.181818181818183
Goldbacteria,CF7,2,22,9.090909090909092
Hinthialibacterota,CF12,19,41,46.34146341463415
Hinthialibacterota,CF13,19,41,46.34146341463415
Hinthialibacterota,CF14,13,41,31.70731707317073
Hinthialibacterota,CF15_17,1,41,2.4390243902439024
Hinthialibacterota,CF18,1,41,2.4390243902439024
Hinthialibacterota,CF21,1,41,2.4390243902439024
Hinthialibacterota,CF24,19,41,46.34146341463415
Hinthialibacterota,CF6,9,41,21.951219512195124
Hinthialibacterota,CF7,7,41,17.073170731707318
Hinthialibacterota,CF9_9,2,41,4.878048780487805
Hydrogenedentota,CF1,1,176,0.5681818181818182
Hydrogenedentota,CF12,95,176,53.97727272727273
Hydrogenedentota,CF13,94,176,53.40909090909091
Hydrogenedentota,CF14,76,176,43.18181818181818
Hydrogenedentota,CF15_17,33,176,18.75
Hydrogenedentota,CF18,8,176,4.545454545454546
Hydrogenedentota,CF20,2,176,1.1363636363636365
Hydrogenedentota,CF21,13,176,7.386363636363637
Hydrogenedentota,CF23,1,176,0.5681818181818182
Hydrogenedentota,CF24,5,176,2.840909090909091
Hydrogenedentota,CF4,7,176,3.977272727272727
Hydrogenedentota,CF6,60,176,34.090909090909086
Hydrogenedentota,CF7,35,176,19.886363636363637
Hydrogenedentota,CF9_9,1,176,0.5681818181818182
J088,CF12,2,2,100.0
J088,CF13,1,2,50.0
J088,CF14,2,2,100.0
J088,CF16,1,2,50.0
J088,CF24,2,2,100.0
JAAXHH01,CF1,1,37,2.7027027027027026
JAAXHH01,CF12,20,37,54.054054054054056
JAAXHH01,CF13,20,37,54.054054054054056
JAAXHH01,CF14,18,37,48.64864864864865
JAAXHH01,CF18,1,37,2.7027027027027026
JAAXHH01,CF24,19,37,51.35135135135135
JAAXHH01,CF4,18,37,48.64864864864865
JAAXHH01,CF5,1,37,2.7027027027027026
JAAXHH01,CF6,15,37,40.54054054054054
JAAXHH01,CF9_9,2,37,5.405405405405405
JAAXVQ01,CF12,9,10,90.0
JAAXVQ01,CF13,9,10,90.0
JAAXVQ01,CF14,5,10,50.0
JAAXVQ01,CF15_17,2,10,20.0
JAAXVQ01,CF24,1,10,10.0
JAAXVQ01,CF6,2,10,20.0
JABMQX01,CF12,3,3,100.0
JABMQX01,CF13,3,3,100.0
JABMQX01,CF14,2,3,66.66666666666666
JABMQX01,CF22,1,3,33.33333333333333
JABMQX01,CF6,1,3,33.33333333333333
JABMQX01,CF7,2,3,66.66666666666666
JACPFL01,CF12,1,2,50.0
JACPFL01,CF13,1,2,50.0
JACPFL01,CF14,1,2,50.0
JACPFL01,CF15_17,1,2,50.0
JACPQY01,CF12,2,2,100.0
JACPQY01,CF13,2,2,100.0
JACPQY01,CF14,1,2,50.0
JACPQY01,CF15_17,2,2,100.0
JACPQY01,CF16,1,2,50.0
JACPSX01,CF12,2,2,100.0
JACPSX01,CF14,2,2,100.0
JACPSX01,CF15_17,2,2,100.0
JACPSX01,CF24,1,2,50.0
JACPUC01,CF12,1,1,100.0
JACPUC01,CF14,1,1,100.0
JACPUC01,CF24,1,1,100.0
JACPUC01,CF6,1,1,100.0
JACPWU01,CF12,3,5,60.0
JACPWU01,CF13,3,5,60.0
JACPWU01,CF24,3,5,60.0
JACPWU01,CF6,1,5,20.0
JACQOV01,CF12,1,1,100.0
JACQOV01,CF14,1,1,100.0
JACQOV01,CF15_17,1,1,100.0
JACQOV01,CF24,1,1,100.0
JACRDZ01,CF12,4,4,100.0
JACRDZ01,CF13,4,4,100.0
JACRDZ01,CF14,1,4,25.0
JACRDZ01,CF15_17,4,4,100.0
JACRDZ01,CF16,1,4,25.0
JACRDZ01,CF18,1,4,25.0
JACRDZ01,CF6,1,4,25.0
JADFOP01,CF12,2,11,18.181818181818183
JADFOP01,CF14,2,11,18.181818181818183
JADFOP01,CF15_17,2,11,18.181818181818183
JADFOP01,CF22,1,11,9.090909090909092
JADFOP01,CF24,2,11,18.181818181818183
JADJOY01,CF12,1,1,100.0
JADJOY01,CF13,1,1,100.0
JADJOY01,CF14,1,1,100.0
JADJOY01,CF15_17,1,1,100.0
JADJOY01,CF17_20,1,1,100.0
JADJOY01,CF21,1,1,100.0
JADJOY01,CF24,1,1,100.0
JADJOY01,CF6,1,1,100.0
JADJOY01,CF7,1,1,100.0
JAFGBW01,CF12,3,4,75.0
JAFGBW01,CF13,2,4,50.0
JAFGBW01,CF14,3,4,75.0
JAFGBW01,CF6,1,4,25.0
JAFGND01,CF12,1,1,100.0
JAFGND01,CF13,1,1,100.0
JAFGND01,CF5,1,1,100.0
JAFGND01,CF7,1,1,100.0
JAFGOL01,CF12,6,6,100.0
JAFGOL01,CF13,5,6,83.33333333333334
JAFGOL01,CF14,1,6,16.666666666666664
JAFGOL01,CF15_17,5,6,83.33333333333334
JAFGOL01,CF16,5,6,83.33333333333334
JAFGOL01,CF17_20,2,6,33.33333333333333
JAFGOL01,CF24,6,6,100.0
JAFGOL01,CF6,3,6,50.0
JAGOBX01,CF12,4,7,57.14285714285714
JAGOBX01,CF13,4,7,57.14285714285714
JAGOBX01,CF14,4,7,57.14285714285714
JAGOBX01,CF15_17,4,7,57.14285714285714
JAGOBX01,CF17_20,2,7,28.57142857142857
JAGOBX01,CF18,1,7,14.285714285714285
JAGOBX01,CF24,4,7,57.14285714285714
JAGOBX01,CF2_4,3,7,42.857142857142854
JAGOBX01,CF5,3,7,42.857142857142854
JAGOBX01,CF6,1,7,14.285714285714285
JAGOEH01,CF12,1,1,100.0
JAGOEH01,CF13,1,1,100.0
JAGOEH01,CF14,1,1,100.0
JAGOEH01,CF24,1,1,100.0
JAGOEH01,CF5,1,1,100.0
JAGOEH01,CF9_9,1,1,100.0
JAGRBM01,CF12,3,3,100.0
JAGRBM01,CF13,3,3,100.0
JAGRBM01,CF14,3,3,100.0
JAGRBM01,CF15_17,3,3,100.0
JAGRBM01,CF16,3,3,100.0
JAGRBM01,CF24,3,3,100.0
JAHJDO01,CF12,6,7,85.71428571428571
JAHJDO01,CF13,2,7,28.57142857142857
JAHJDO01,CF14,4,7,57.14285714285714
JAHJDO01,CF16,1,7,14.285714285714285
JAHJDO01,CF6,1,7,14.285714285714285
JAJRZV01,CF12,1,1,100.0
JAJRZV01,CF14,1,1,100.0
JAJRZV01,CF15_17,1,1,100.0
JAJRZV01,CF24,1,1,100.0
JAJRZV01,CF6,1,1,100.0
JAJVIF01,CF12,6,6,100.0
JAJVIF01,CF13,6,6,100.0
JAJVIF01,CF14,5,6,83.33333333333334
JAJVIF01,CF15_17,6,6,100.0
JAJVIF01,CF16,5,6,83.33333333333334
JAJVIF01,CF5,1,6,16.666666666666664
JAJVIF01,CF6,4,6,66.66666666666666
JAJYCY01,CF1,1,5,20.0
JAJYCY01,CF12,5,5,100.0
JAJYCY01,CF13,5,5,100.0
JAJYCY01,CF14,5,5,100.0
JAJYCY01,CF16,3,5,60.0
JAJYCY01,CF24,4,5,80.0
JAKLEM01,CF12,3,4,75.0
JAKLEM01,CF13,3,4,75.0
JAKLEM01,CF14,3,4,75.0
JALSQH01,CF12,2,2,100.0
JALSQH01,CF14,2,2,100.0
JALSQH01,CF15_17,2,2,100.0
JALSQH01,CF16,1,2,50.0
JALSQH01,CF24,2,2,100.0
JAMCPX01,CF12,11,32,34.375
JAMCPX01,CF15_17,10,32,31.25
JAMCPX01,CF18,3,32,9.375
JAMCPX01,CF24,10,32,31.25
JAMCPX01,CF6,4,32,12.5
JAMCPX01,CF7,1,32,3.125
JAMORN01,CF12,1,1,100.0
JAMORN01,CF14,1,1,100.0
JAMORN01,CF23,1,1,100.0
JAMORN01,CF24,1,1,100.0
JAMORN01,CF6,1,1,100.0
JAMOTN01,CF12,1,1,100.0
JAMOTN01,CF14,1,1,100.0
JAMOTN01,CF24,1,1,100.0
JAMOTN01,CF5,1,1,100.0
JANLFM01,CF12,7,10,70.0
JANLFM01,CF13,6,10,60.0
JANLFM01,CF14,2,10,20.0
JANLFM01,CF17_20,3,10,30.0
JANLFM01,CF20,1,10,10.0
JANLFM01,CF21,1,10,10.0
JANLFM01,CF2_10,1,10,10.0
JANLFM01,CF2_4,1,10,10.0
JANLFM01,CF5,5,10,50.0
JAPLJL01,CF12,3,3,100.0
JAPLJL01,CF13,3,3,100.0
JAPLJL01,CF14,1,3,33.33333333333333
JAPLJL01,CF15_17,3,3,100.0
JAPLJL01,CF23,3,3,100.0
JAPLJL01,CF24,2,3,66.66666666666666
JAUVQV01,CF12,3,3,100.0
JAUVQV01,CF13,3,3,100.0
JAUVQV01,CF14,1,3,33.33333333333333
JAUVQV01,CF15_17,3,3,100.0
JAUVQV01,CF21,2,3,66.66666666666666
JAUVQV01,CF24,3,3,100.0
JAUVQV01,CF6,1,3,33.33333333333333
JAUVQV01,CF7,1,3,33.33333333333333
JAUXIB01,CF12,1,1,100.0
JAUXIB01,CF13,1,1,100.0
JAUXIQ01,CF12,1,1,100.0
JAUXIQ01,CF13,1,1,100.0
JAUXIQ01,CF24,1,1,100.0
JAUXIQ01,CF5,1,1,100.0
JAUXIQ01,CF6,1,1,100.0
JAUYMQ01,CF12,2,2,100.0
JAUYMQ01,CF13,2,2,100.0
JAUYMQ01,CF14,2,2,100.0
JAUYMQ01,CF15_17,2,2,100.0
JAUYMQ01,CF24,2,2,100.0
JAWLBW01,CF12,2,2,100.0
JAWLBW01,CF13,2,2,100.0
JAWLBW01,CF14,2,2,100.0
JAWLBW01,CF15_17,2,2,100.0
JAWLBW01,CF16,2,2,100.0
JAWLBW01,CF23,1,2,50.0
JAWLBW01,CF24,2,2,100.0
JAWLBW01,CF4,1,2,50.0
JAZFTZ01,CF12,1,1,100.0
JAZFTZ01,CF15_17,1,1,100.0
JAZFTZ01,CF24,1,1,100.0
JBBIVP01,CF12,1,1,100.0
JBBIVP01,CF13,1,1,100.0
JBBIVP01,CF15_17,1,1,100.0
JBBIVP01,CF24,1,1,100.0
JBFMHD01,CF12,1,1,100.0
JBFMHD01,CF14,1,1,100.0
JBFMHD01,CF24,1,1,100.0
JBFMHD01,CF5,1,1,100.0
Joyebacterota,CF12,20,32,62.5
Joyebacterota,CF13,19,32,59.375
Joyebacterota,CF14,20,32,62.5
Joyebacterota,CF24,1,32,3.125
Joyebacterota,CF6,17,32,53.125
Joyebacterota,CF9_9,17,32,53.125
Krumholzibacteriota,CF12,119,164,72.5609756097561
Krumholzibacteriota,CF13,113,164,68.90243902439023
Krumholzibacteriota,CF14,101,164,61.58536585365854
Krumholzibacteriota,CF16,5,164,3.048780487804878
Krumholzibacteriota,CF17_20,7,164,4.2682926829268295
Krumholzibacteriota,CF18,18,164,10.975609756097562
Krumholzibacteriota,CF20,1,164,0.6097560975609756
Krumholzibacteriota,CF21,20,164,12.195121951219512
Krumholzibacteriota,CF23,4,164,2.4390243902439024
Krumholzibacteriota,CF24,5,164,3.048780487804878
Krumholzibacteriota,CF25,1,164,0.6097560975609756
Krumholzibacteriota,CF2_10,7,164,4.2682926829268295
Krumholzibacteriota,CF2_4,9,164,5.487804878048781
Krumholzibacteriota,CF5,1,164,0.6097560975609756
Krumholzibacteriota,CF6,21,164,12.804878048780488
Krumholzibacteriota,CF7,22,164,13.414634146341465
Krumholzibacteriota,CF9_9,76,164,46.34146341463415
Latescibacterota,CF1,12,194,6.185567010309279
Latescibacterota,CF12,92,194,47.42268041237113
Latescibacterota,CF13,84,194,43.29896907216495
Latescibacterota,CF14,80,194,41.23711340206185
Latescibacterota,CF16,2,194,1.0309278350515463
Latescibacterota,CF18,1,194,0.5154639175257731
Latescibacterota,CF20,2,194,1.0309278350515463
Latescibacterota,CF23,2,194,1.0309278350515463
Latescibacterota,CF24,87,194,44.84536082474227
Latescibacterota,CF2_10,1,194,0.5154639175257731
Latescibacterota,CF2_4,1,194,0.5154639175257731
Latescibacterota,CF4,21,194,10.824742268041238
Latescibacterota,CF6,46,194,23.711340206185564
Latescibacterota,CF7,8,194,4.123711340206185
Latescibacterota,CF9_9,46,194,23.711340206185564
Lernaellota,CF12,12,17,70.58823529411765
Lernaellota,CF13,12,17,70.58823529411765
Lernaellota,CF14,12,17,70.58823529411765
Lernaellota,CF15_17,10,17,58.82352941176471
Lernaellota,CF18,1,17,5.88235294117647
Lernaellota,CF24,12,17,70.58823529411765
Lernaellota,CF6,11,17,64.70588235294117
Lernaellota,CF7,5,17,29.411764705882355
Lindowbacteria,CF12,3,4,75.0
Lindowbacteria,CF13,3,4,75.0
Lindowbacteria,CF14,2,4,50.0
Lindowbacteria,CF15_17,1,4,25.0
Lindowbacteria,CF16,1,4,25.0
Lindowbacteria,CF23,1,4,25.0
Lindowbacteria,CF5,3,4,75.0
Lindowbacteria,CF6,1,4,25.0
Lithacetigenota,CF12,4,6,66.66666666666666
Lithacetigenota,CF13,2,6,33.33333333333333
Lithacetigenota,CF15_17,4,6,66.66666666666666
Lithacetigenota,CF2_4,1,6,16.666666666666664
Lithacetigenota,CF5,4,6,66.66666666666666
Margulisbacteria,CF0,5,184,2.717391304347826
Margulisbacteria,CF12,107,184,58.152173913043484
Margulisbacteria,CF13,81,184,44.02173913043478
Margulisbacteria,CF14,78,184,42.391304347826086
Margulisbacteria,CF16,28,184,15.217391304347828
Margulisbacteria,CF17_20,13,184,7.065217391304348
Margulisbacteria,CF18,2,184,1.0869565217391304
Margulisbacteria,CF22,1,184,0.5434782608695652
Margulisbacteria,CF23,2,184,1.0869565217391304
Margulisbacteria,CF24,1,184,0.5434782608695652
Margulisbacteria,CF25,4,184,2.1739130434782608
Margulisbacteria,CF8,5,184,2.717391304347826
Marinisomatota,CF1,36,924,3.896103896103896
Marinisomatota,CF12,287,924,31.060606060606062
Marinisomatota,CF13,168,924,18.181818181818183
Marinisomatota,CF14,226,924,24.458874458874458
Marinisomatota,CF15_17,1,924,0.10822510822510822
Marinisomatota,CF16,51,924,5.51948051948052
Marinisomatota,CF17_20,24,924,2.5974025974025974
Marinisomatota,CF18,3,924,0.3246753246753247
Marinisomatota,CF19,2,924,0.21645021645021645
Marinisomatota,CF20,13,924,1.406926406926407
Marinisomatota,CF23,1,924,0.10822510822510822
Marinisomatota,CF24,13,924,1.406926406926407
Marinisomatota,CF2_10,33,924,3.571428571428571
Marinisomatota,CF2_4,38,924,4.112554112554113
Marinisomatota,CF5,81,924,8.766233766233766
Marinisomatota,CF6,17,924,1.83982683982684
Marinisomatota,CF7,9,924,0.974025974025974
Marinisomatota,CF9_9,134,924,14.502164502164502
Mcinerneyibacteriota,CF12,4,12,33.33333333333333
Mcinerneyibacteriota,CF13,4,12,33.33333333333333
Mcinerneyibacteriota,CF14,4,12,33.33333333333333
Mcinerneyibacteriota,CF16,3,12,25.0
Mcinerneyibacteriota,CF17_20,3,12,25.0
Mcinerneyibacteriota,CF24,3,12,25.0
Mcinerneyibacteriota,CF2_4,1,12,8.333333333333332
Mcinerneyibacteriota,CF5,1,12,8.333333333333332
Mcinerneyibacteriota,CF6,1,12,8.333333333333332
Mcinerneyibacteriota,CF9_9,3,12,25.0
Methylomirabilota,CF12,174,258,67.44186046511628
Methylomirabilota,CF13,142,258,55.03875968992248
Methylomirabilota,CF14,23,258,8.914728682170542
Methylomirabilota,CF15_17,164,258,63.565891472868216
Methylomirabilota,CF16,5,258,1.937984496124031
Methylomirabilota,CF17_20,1,258,0.3875968992248062
Methylomirabilota,CF18,10,258,3.875968992248062
Methylomirabilota,CF21,42,258,16.27906976744186
Methylomirabilota,CF23,14,258,5.426356589147287
Methylomirabilota,CF24,150,258,58.139534883720934
Methylomirabilota,CF2_10,1,258,0.3875968992248062
Methylomirabilota,CF2_4,1,258,0.3875968992248062
Methylomirabilota,CF4,92,258,35.65891472868217
Methylomirabilota,CF5,33,258,12.790697674418606
Methylomirabilota,CF6,98,258,37.98449612403101
Methylomirabilota,CF7,11,258,4.263565891472868
Moduliflexota,CF1,1,6,16.666666666666664
Moduliflexota,CF12,6,6,100.0
Moduliflexota,CF13,6,6,100.0
Moduliflexota,CF14,6,6,100.0
Moduliflexota,CF17_20,4,6,66.66666666666666
Moduliflexota,CF18,3,6,50.0
Moduliflexota,CF21,3,6,50.0
Moduliflexota,CF22,1,6,16.666666666666664
Moduliflexota,CF24,6,6,100.0
Moduliflexota,CF2_10,3,6,50.0
Moduliflexota,CF2_4,3,6,50.0
Moduliflexota,CF5,5,6,83.33333333333334
Moduliflexota,CF6,1,6,16.666666666666664
Moduliflexota,CF9_9,4,6,66.66666666666666
Muiribacteriota,CF1,5,79,6.329113924050633
Muiribacteriota,CF10,5,79,6.329113924050633
Muiribacteriota,CF12,56,79,70.88607594936708
Muiribacteriota,CF13,55,79,69.62025316455697
Muiribacteriota,CF14,51,79,64.55696202531645
Muiribacteriota,CF15_17,52,79,65.82278481012658
Muiribacteriota,CF16,35,79,44.303797468354425
Muiribacteriota,CF17_20,28,79,35.44303797468354
Muiribacteriota,CF18,1,79,1.2658227848101267
Muiribacteriota,CF19,1,79,1.2658227848101267
Muiribacteriota,CF22,2,79,2.5316455696202533
Muiribacteriota,CF23,3,79,3.79746835443038
Muiribacteriota,CF24,49,79,62.0253164556962
Muiribacteriota,CF26,1,79,1.2658227848101267
Muiribacteriota,CF2_10,19,79,24.050632911392405
Muiribacteriota,CF2_4,33,79,41.77215189873418
Muiribacteriota,CF3,1,79,1.2658227848101267
Muiribacteriota,CF5,47,79,59.49367088607595
Muiribacteriota,CF6,19,79,24.050632911392405
Muiribacteriota,CF7,11,79,13.924050632911392
Muiribacteriota,CF9_9,11,79,13.924050632911392
Myxococcota,CF0,72,1941,3.7094281298299845
Myxococcota,CF1,366,1941,18.856259659969087
Myxococcota,CF11,49,1941,2.5244719216898504
Myxococcota,CF12,1282,1941,66.04842864502834
Myxococcota,CF13,1272,1941,65.53323029366305
Myxococcota,CF14,1075,1941,55.383822771767136
Myxococcota,CF15_17,1094,1941,56.36269963936116
Myxococcota,CF16,903,1941,46.52241112828439
Myxococcota,CF17_20,349,1941,17.980422462648118
Myxococcota,CF18,111,1941,5.7187017001545595
Myxococcota,CF19,20,1941,1.0303967027305512
Myxococcota,CF20,15,1941,0.7727975270479135
Myxococcota,CF21,550,1941,28.335909325090157
Myxococcota,CF22,22,1941,1.1334363730036066
Myxococcota,CF23,99,1941,5.1004636785162285
Myxococcota,CF24,1213,1941,62.49356002060793
Myxococcota,CF25,1,1941,0.05151983513652757
Myxococcota,CF26,8,1941,0.41215868109222054
Myxococcota,CF2_10,87,1941,4.482225656877898
Myxococcota,CF2_4,149,1941,7.676455435342606
Myxococcota,CF3,14,1941,0.7212776919113859
Myxococcota,CF4,484,1941,24.935600206079343
Myxococcota,CF5,408,1941,21.020092735703248
Myxococcota,CF6,140,1941,7.212776919113859
Myxococcota,CF7,406,1941,20.917053065430192
Myxococcota,CF8,74,1941,3.81246780010304
Myxococcota,CF9_9,207,1941,10.664605873261205
Myxococcota_A,CF12,154,222,69.36936936936937
Myxococcota_A,CF13,149,222,67.11711711711712
Myxococcota_A,CF14,141,222,63.51351351351351
Myxococcota_A,CF15_17,137,222,61.711711711711715
Myxococcota_A,CF16,24,222,10.81081081081081
Myxococcota_A,CF17_20,5,222,2.2522522522522523
Myxococcota_A,CF18,53,222,23.873873873873876
Myxococcota_A,CF19,2,222,0.9009009009009009
Myxococcota_A,CF21,55,222,24.774774774774773
Myxococcota_A,CF23,7,222,3.153153153153153
Myxococcota_A,CF24,132,222,59.45945945945946
Myxococcota_A,CF4,52,222,23.423423423423422
Myxococcota_A,CF5,2,222,0.9009009009009009
Myxococcota_A,CF6,7,222,3.153153153153153
Myxococcota_A,CF7,22,222,9.90990990990991
Myxococcota_A,CF9_9,1,222,0.45045045045045046
NPL-UPA2,CF12,10,11,90.9090909090909
NPL-UPA2,CF15_17,2,11,18.181818181818183
NPL-UPA2,CF24,3,11,27.27272727272727
Nitrospinota,CF1,1,216,0.4629629629629629
Nitrospinota,CF12,118,216,54.629629629629626
Nitrospinota,CF13,105,216,48.61111111111111
Nitrospinota,CF14,97,216,44.907407407407405
Nitrospinota,CF16,60,216,27.77777777777778
Nitrospinota,CF17_20,1,216,0.4629629629629629
Nitrospinota,CF18,1,216,0.4629629629629629
Nitrospinota,CF24,101,216,46.75925925925926
Nitrospinota,CF2_10,1,216,0.4629629629629629
Nitrospinota,CF2_4,1,216,0.4629629629629629
Nitrospinota,CF6,46,216,21.296296296296298
Nitrospinota,CF7,6,216,2.7777777777777777
Nitrospirota,CF1,79,1375,5.745454545454545
Nitrospirota,CF12,775,1375,56.36363636363636
Nitrospirota,CF13,647,1375,47.054545454545455
Nitrospirota,CF14,456,1375,33.163636363636364
Nitrospirota,CF15_17,681,1375,49.527272727272724
Nitrospirota,CF16,290,1375,21.09090909090909
Nitrospirota,CF17_20,8,1375,0.5818181818181818
Nitrospirota,CF18,120,1375,8.727272727272728
Nitrospirota,CF19,1,1375,0.07272727272727272
Nitrospirota,CF20,2,1375,0.14545454545454545
Nitrospirota,CF21,204,1375,14.836363636363636
Nitrospirota,CF22,27,1375,1.9636363636363636
Nitrospirota,CF23,35,1375,2.5454545454545454
Nitrospirota,CF24,656,1375,47.709090909090904
Nitrospirota,CF25,10,1375,0.7272727272727273
Nitrospirota,CF4,1,1375,0.07272727272727272
Nitrospirota,CF6,36,1375,2.618181818181818
Nitrospirota,CF7,154,1375,11.200000000000001
Nitrospirota_A,CF12,27,194,13.917525773195877
Nitrospirota_A,CF13,27,194,13.917525773195877
Nitrospirota_A,CF14,25,194,12.886597938144329
Nitrospirota_A,CF15_17,24,194,12.371134020618557
Nitrospirota_A,CF24,25,194,12.886597938144329
Nitrospirota_A,CF7,3,194,1.5463917525773196
Nitrospirota_B,CF12,4,4,100.0
Nitrospirota_B,CF13,4,4,100.0
Nitrospirota_B,CF14,4,4,100.0
Nitrospirota_B,CF15_17,4,4,100.0
Nitrospirota_B,CF16,4,4,100.0
Nitrospirota_B,CF24,4,4,100.0
Omnitrophota,CF10,3,969,0.30959752321981426
Omnitrophota,CF12,657,969,67.80185758513932
Omnitrophota,CF13,468,969,48.297213622291025
Omnitrophota,CF14,53,969,5.469556243550051
Omnitrophota,CF15_17,1,969,0.10319917440660474
Omnitrophota,CF16,1,969,0.10319917440660474
Omnitrophota,CF17_20,3,969,0.30959752321981426
Omnitrophota,CF18,27,969,2.786377708978328
Omnitrophota,CF19,1,969,0.10319917440660474
Omnitrophota,CF22,10,969,1.0319917440660475
Omnitrophota,CF23,1,969,0.10319917440660474
Omnitrophota,CF24,356,969,36.738906088751285
Omnitrophota,CF25,4,969,0.41279669762641896
Omnitrophota,CF6,80,969,8.25593395252838
Omnitrophota,CF7,4,969,0.41279669762641896
Omnitrophota,CF8,2,969,0.20639834881320948
Orphanbacterota,CF12,7,9,77.77777777777779
Orphanbacterota,CF13,7,9,77.77777777777779
Orphanbacterota,CF14,4,9,44.44444444444444
Orphanbacterota,CF18,4,9,44.44444444444444
Orphanbacterota,CF2_10,2,9,22.22222222222222
Orphanbacterota,CF2_4,2,9,22.22222222222222
Orphanbacterota,CF6,3,9,33.33333333333333
Orphanbacterota,CF7,1,9,11.11111111111111
Orphanbacterota,CF9_9,5,9,55.55555555555556
PUNC01,CF12,7,12,58.333333333333336
PUNC01,CF13,4,12,33.33333333333333
PUNC01,CF14,7,12,58.333333333333336
PUNC01,CF18,1,12,8.333333333333332
PUNC01,CF24,6,12,50.0
PUNC01,CF2_10,5,12,41.66666666666667
PUNC01,CF2_4,5,12,41.66666666666667
PUNC01,CF5,4,12,33.33333333333333
PUNC01,CF6,4,12,33.33333333333333
Patescibacteriota,CF1,1502,10847,13.847146676500415
Patescibacteriota,CF10,18,10847,0.16594450078362682
Patescibacteriota,CF11,1,10847,0.009219138932423711
Patescibacteriota,CF12,5968,10847,55.01982114870471
Patescibacteriota,CF13,3568,10847,32.8938877108878
Patescibacteriota,CF14,1956,10847,18.03263575182078
Patescibacteriota,CF15_17,3,10847,0.027657416797271135
Patescibacteriota,CF16,2,10847,0.018438277864847422
Patescibacteriota,CF17_20,56,10847,0.5162717802157278
Patescibacteriota,CF18,831,10847,7.661104452844104
Patescibacteriota,CF20,8,10847,0.07375311145938969
Patescibacteriota,CF21,133,10847,1.2261454780123537
Patescibacteriota,CF22,115,10847,1.0602009772287269
Patescibacteriota,CF23,55,10847,0.5070526412833042
Patescibacteriota,CF24,714,10847,6.58246519775053
Patescibacteriota,CF25,32,10847,0.29501244583755876
Patescibacteriota,CF26,25,10847,0.2304784733105928
Patescibacteriota,CF2_10,5,10847,0.046095694662118554
Patescibacteriota,CF2_4,39,10847,0.3595464183645247
Patescibacteriota,CF3,1,10847,0.009219138932423711
Patescibacteriota,CF5,172,10847,1.5856918963768785
Patescibacteriota,CF6,32,10847,0.29501244583755876
Patescibacteriota,CF7,4,10847,0.036876555729694845
Patescibacteriota,CF9_9,64,10847,0.5900248916751175
Planctomycetota,CF0,24,5138,0.46710782405605294
Planctomycetota,CF1,300,5138,5.838847800700662
Planctomycetota,CF10,2,5138,0.038925652004671074
Planctomycetota,CF11,14,5138,0.2724795640326975
Planctomycetota,CF12,3166,5138,61.61930712339432
Planctomycetota,CF13,2995,5138,58.29116387699494
Planctomycetota,CF14,2281,5138,44.394706111327366
Planctomycetota,CF15_17,6,5138,0.11677695601401324
Planctomycetota,CF16,1870,5138,36.395484624367455
Planctomycetota,CF17_20,556,5138,10.82133125729856
Planctomycetota,CF18,532,5138,10.354223433242508
Planctomycetota,CF19,2,5138,0.038925652004671074
Planctomycetota,CF20,2,5138,0.038925652004671074
Planctomycetota,CF21,762,5138,14.83067341377968
Planctomycetota,CF22,8,5138,0.1557026080186843
Planctomycetota,CF23,236,5138,4.593226936551187
Planctomycetota,CF24,135,5138,2.627481510315298
Planctomycetota,CF25,12,5138,0.23355391202802647
Planctomycetota,CF26,3,5138,0.05838847800700662
Planctomycetota,CF2_10,112,5138,2.17983651226158
Planctomycetota,CF2_4,172,5138,3.3476060724017125
Planctomycetota,CF4,116,5138,2.2576878162709226
Planctomycetota,CF5,1311,5138,25.51576488906189
Planctomycetota,CF6,348,5138,6.773063448812768
Planctomycetota,CF7,610,5138,11.872323861424679
Planctomycetota,CF8,22,5138,0.42818217205138187
Planctomycetota,CF9_9,192,5138,3.7368625924484236
Poribacteria,CF12,106,155,68.38709677419355
Poribacteria,CF13,101,155,65.16129032258064
Poribacteria,CF14,77,155,49.67741935483871
Poribacteria,CF17_20,1,155,0.6451612903225806
Poribacteria,CF23,1,155,0.6451612903225806
Poribacteria,CF24,101,155,65.16129032258064
Poribacteria,CF4,1,155,0.6451612903225806
Poribacteria,CF6,82,155,52.903225806451616
Poribacteria,CF7,1,155,0.6451612903225806
Poribacteria,CF9_9,67,155,43.225806451612904
Pseudomonadota,CF0,9051,267130,3.3882379365851834
Pseudomonadota,CF1,16902,267130,6.3272563920188665
Pseudomonadota,CF10,1967,267130,0.7363455995208326
Pseudomonadota,CF11,3609,267130,1.351027589563134
Pseudomonadota,CF12,35515,267130,13.295024894246247
Pseudomonadota,CF13,33630,267130,12.589375959270768
Pseudomonadota,CF14,33083,267130,12.384606745779209
Pseudomonadota,CF15_17,24654,267130,9.229214240257551
Pseudomonadota,CF16,25162,267130,9.419383820611687
Pseudomonadota,CF17_20,18036,267130,6.751768801707033
Pseudomonadota,CF18,13795,267130,5.164152285404111
Pseudomonadota,CF19,6103,267130,2.284655411223
Pseudomonadota,CF20,1053,267130,0.3941900947104406
Pseudomonadota,CF21,16375,267130,6.129974169879834
Pseudomonadota,CF22,7386,267130,2.764945906487478
Pseudomonadota,CF23,13513,267130,5.058585707333508
Pseudomonadota,CF24,32648,267130,12.221764683861789
Pseudomonadota,CF25,1827,267130,0.6839366600531577
Pseudomonadota,CF26,2609,267130,0.9766780219368847
Pseudomonadota,CF2_10,9098,267130,3.405832366263617
Pseudomonadota,CF2_4,11122,267130,4.163515891139146
Pseudomonadota,CF3,3715,267130,1.3907086437315164
Pseudomonadota,CF4,18406,267130,6.890278141728746
Pseudomonadota,CF5,17928,267130,6.711339048403399
Pseudomonadota,CF6,9742,267130,3.6469134878149214
Pseudomonadota,CF7,12322,267130,4.612735372290645
Pseudomonadota,CF8,9223,267130,3.452626062216898
Pseudomonadota,CF9_9,10125,267130,3.790289372215775
RBG-13-61-14,CF12,5,5,100.0
RBG-13-61-14,CF13,5,5,100.0
RBG-13-61-14,CF14,5,5,100.0
RBG-13-61-14,CF24,3,5,60.0
RBG-13-61-14,CF6,3,5,60.0
RBG-13-61-14,CF7,2,5,40.0
RBG-13-66-14,CF12,16,20,80.0
RBG-13-66-14,CF13,6,20,30.0
RBG-13-66-14,CF14,9,20,45.0
RBG-13-66-14,CF17_20,2,20,10.0
RBG-13-66-14,CF24,7,20,35.0
RBG-13-66-14,CF6,10,20,50.0
RBG-13-66-14,CF9_9,2,20,10.0
RUG730,CF1,1,5,20.0
RUG730,CF12,3,5,60.0
RUG730,CF13,2,5,40.0
RUG730,CF14,1,5,20.0
RUG730,CF15_17,3,5,60.0
RUG730,CF22,1,5,20.0
RUG730,CF2_4,1,5,20.0
RUG730,CF6,1,5,20.0
Ratteibacteria,CF12,43,78,55.12820512820513
Ratteibacteria,CF13,3,78,3.8461538461538463
Ratteibacteria,CF14,10,78,12.82051282051282
Ratteibacteria,CF18,12,78,15.384615384615385
Ratteibacteria,CF21,3,78,3.8461538461538463
Ratteibacteria,CF23,5,78,6.41025641025641
Ratteibacteria,CF24,31,78,39.743589743589745
Ratteibacteria,CF6,22,78,28.205128205128204
Ratteibacteria,CF7,4,78,5.128205128205128
SAR324,CF1,5,335,1.4925373134328357
SAR324,CF12,68,335,20.298507462686565
SAR324,CF13,65,335,19.402985074626866
SAR324,CF14,62,335,18.507462686567163
SAR324,CF15_17,1,335,0.2985074626865672
SAR324,CF16,58,335,17.313432835820898
SAR324,CF17_20,33,335,9.850746268656717
SAR324,CF20,1,335,0.2985074626865672
SAR324,CF23,1,335,0.2985074626865672
SAR324,CF24,63,335,18.80597014925373
SAR324,CF2_10,20,335,5.970149253731343
SAR324,CF2_4,21,335,6.26865671641791
SAR324,CF4,5,335,1.4925373134328357
SAR324,CF5,42,335,12.53731343283582
SAR324,CF6,5,335,1.4925373134328357
SAR324,CF7,2,335,0.5970149253731344
SAR324,CF9_9,5,335,1.4925373134328357
SM23-31,CF12,6,7,85.71428571428571
SM23-31,CF13,3,7,42.857142857142854
SM23-31,CF14,3,7,42.857142857142854
SM23-31,CF17_20,1,7,14.285714285714285
SM23-31,CF6,2,7,28.57142857142857
SM23-31,CF9_9,6,7,85.71428571428571
SZUA-182,CF12,11,11,100.0
SZUA-182,CF13,10,11,90.9090909090909
SZUA-182,CF14,10,11,90.9090909090909
SZUA-182,CF18,1,11,9.090909090909092
SZUA-182,CF24,10,11,90.9090909090909
SZUA-182,CF6,4,11,36.36363636363637
SZUA-182,CF7,1,11,9.090909090909092
SZUA-182,CF9_9,1,11,9.090909090909092
SZUA-79,CF12,35,137,25.547445255474454
SZUA-79,CF14,31,137,22.62773722627737
SZUA-79,CF15_17,27,137,19.708029197080293
SZUA-79,CF7,1,137,0.7299270072992701
Schekmanbacteria,CF12,4,8,50.0
Schekmanbacteria,CF13,3,8,37.5
Schekmanbacteria,CF14,4,8,50.0
Schekmanbacteria,CF24,2,8,25.0
Schekmanbacteria,CF6,3,8,37.5
Spirochaetota,CF0,734,5241,14.004960885327227
Spirochaetota,CF1,238,5241,4.541118107231444
Spirochaetota,CF10,35,5241,0.6678114863575654
Spirochaetota,CF11,112,5241,2.1369967563442094
Spirochaetota,CF12,1509,5241,28.79221522610189
Spirochaetota,CF13,1489,5241,28.410608662468995
Spirochaetota,CF14,1211,5241,23.10627742797176
Spirochaetota,CF15_17,18,5241,0.34344590726960506
Spirochaetota,CF16,476,5241,9.082236214462888
Spirochaetota,CF17_20,370,5241,7.059721427208548
Spirochaetota,CF18,141,5241,2.6903262736119062
Spirochaetota,CF19,10,5241,0.19080328181644723
Spirochaetota,CF21,26,5241,0.4960885327227629
Spirochaetota,CF22,20,5241,0.38160656363289447
Spirochaetota,CF23,272,5241,5.189849265407364
Spirochaetota,CF24,1082,5241,20.64491509253959
Spirochaetota,CF25,24,5241,0.45792787635947335
Spirochaetota,CF26,598,5241,11.410036252623545
Spirochaetota,CF2_10,339,5241,6.468231253577561
Spirochaetota,CF2_4,841,5241,16.04655600076321
Spirochaetota,CF3,169,5241,3.224575462697958
Spirochaetota,CF4,90,5241,1.7172295363480254
Spirochaetota,CF5,76,5241,1.4501049418049992
Spirochaetota,CF6,862,5241,16.44724289257775
Spirochaetota,CF7,198,5241,3.777904979965655
Spirochaetota,CF8,749,5241,14.291165808051897
Spirochaetota,CF9_9,800,5241,15.264262545315779
Sumerlaeota,CF1,7,79,8.860759493670885
Sumerlaeota,CF12,51,79,64.55696202531645
Sumerlaeota,CF13,47,79,59.49367088607595
Sumerlaeota,CF14,43,79,54.43037974683544
Sumerlaeota,CF16,23,79,29.11392405063291
Sumerlaeota,CF17_20,6,79,7.59493670886076
Sumerlaeota,CF18,7,79,8.860759493670885
Sumerlaeota,CF20,2,79,2.5316455696202533
Sumerlaeota,CF21,2,79,2.5316455696202533
Sumerlaeota,CF23,1,79,1.2658227848101267
Sumerlaeota,CF24,48,79,60.75949367088608
Sumerlaeota,CF4,4,79,5.063291139240507
Sumerlaeota,CF5,17,79,21.518987341772153
Sumerlaeota,CF6,17,79,21.518987341772153
Sumerlaeota,CF7,10,79,12.658227848101266
Sumerlaeota,CF9_9,3,79,3.79746835443038
Synergistota,CF0,153,665,23.007518796992482
Synergistota,CF1,1,665,0.15037593984962408
Synergistota,CF11,15,665,2.2556390977443606
Synergistota,CF12,226,665,33.98496240601504
Synergistota,CF13,209,665,31.428571428571427
Synergistota,CF14,66,665,9.924812030075188
Synergistota,CF15_17,209,665,31.428571428571427
Synergistota,CF17_20,78,665,11.729323308270677
Synergistota,CF18,7,665,1.0526315789473684
Synergistota,CF20,5,665,0.7518796992481203
Synergistota,CF21,2,665,0.30075187969924816
Synergistota,CF22,3,665,0.4511278195488722
Synergistota,CF23,19,665,2.857142857142857
Synergistota,CF24,203,665,30.526315789473685
Synergistota,CF25,1,665,0.15037593984962408
Synergistota,CF26,3,665,0.4511278195488722
Synergistota,CF2_10,72,665,10.827067669172932
Synergistota,CF2_4,196,665,29.47368421052631
Synergistota,CF3,48,665,7.218045112781955
Synergistota,CF5,203,665,30.526315789473685
Synergistota,CF6,141,665,21.203007518796994
Synergistota,CF7,6,665,0.9022556390977444
Synergistota,CF8,146,665,21.954887218045112
Synergistota,CF9_9,191,665,28.721804511278194
Sysuimicrobiota,CF1,5,184,2.717391304347826
Sysuimicrobiota,CF12,79,184,42.934782608695656
Sysuimicrobiota,CF13,61,184,33.15217391304348
Sysuimicrobiota,CF14,2,184,1.0869565217391304
Sysuimicrobiota,CF15_17,74,184,40.21739130434783
Sysuimicrobiota,CF18,2,184,1.0869565217391304
Sysuimicrobiota,CF20,2,184,1.0869565217391304
Sysuimicrobiota,CF21,1,184,0.5434782608695652
Sysuimicrobiota,CF24,39,184,21.195652173913043
Sysuimicrobiota,CF2_10,11,184,5.978260869565218
Sysuimicrobiota,CF2_4,30,184,16.304347826086957
Sysuimicrobiota,CF4,11,184,5.978260869565218
Sysuimicrobiota,CF5,64,184,34.78260869565217
Sysuimicrobiota,CF6,13,184,7.065217391304348
Sysuimicrobiota,CF7,3,184,1.6304347826086956
T1SED10-198M,CF12,1,1,100.0
T1SED10-198M,CF13,1,1,100.0
T1SED10-198M,CF14,1,1,100.0
T1SED10-198M,CF17_20,1,1,100.0
T1SED10-198M,CF24,1,1,100.0
T1SED10-198M,CF5,1,1,100.0
T1SED10-198M,CF6,1,1,100.0
T1Sed10-126,CF12,2,2,100.0
T1Sed10-126,CF14,2,2,100.0
T1Sed10-126,CF15_17,2,2,100.0
T1Sed10-126,CF16,1,2,50.0
T1Sed10-126,CF2_4,2,2,100.0
T1Sed10-126,CF5,2,2,100.0
T1Sed10-126,CF6,1,2,50.0
TA06,CF12,4,8,50.0
TA06,CF13,3,8,37.5
TA06,CF14,3,8,37.5
TA06,CF24,4,8,50.0
TA06,CF6,2,8,25.0
TA06,CF7,1,8,12.5
TA06_A,CF12,5,5,100.0
TA06_A,CF13,4,5,80.0
TA06_A,CF14,1,5,20.0
TA06_A,CF24,5,5,100.0
TA06_A,CF5,1,5,20.0
TA06_A,CF6,3,5,60.0
TA06_A,CF7,2,5,40.0
TA06_A,CF9_9,3,5,60.0
Tectomicrobia,CF12,7,8,87.5
Tectomicrobia,CF13,6,8,75.0
Tectomicrobia,CF14,3,8,37.5
Tectomicrobia,CF15_17,3,8,37.5
Tectomicrobia,CF16,5,8,62.5
Tectomicrobia,CF24,7,8,87.5
Tectomicrobia,CF4,5,8,62.5
Tectomicrobia,CF5,4,8,50.0
Tectomicrobia,CF6,3,8,37.5
Tectomicrobia,CF7,2,8,25.0
Thermodesulfobiota,CF12,4,8,50.0
Thermodesulfobiota,CF13,1,8,12.5
Thermodesulfobiota,CF15_17,3,8,37.5
Thermodesulfobiota,CF16,4,8,50.0
Thermodesulfobiota,CF17_20,1,8,12.5
Thermodesulfobiota,CF19,1,8,12.5
Thermodesulfobiota,CF24,4,8,50.0
Thermodesulfobiota,CF6,4,8,50.0
Thermosulfidibacterota,CF12,13,19,68.42105263157895
Thermosulfidibacterota,CF13,1,19,5.263157894736842
Thermosulfidibacterota,CF14,13,19,68.42105263157895
Thermosulfidibacterota,CF15_17,12,19,63.1578947368421
Thermosulfidibacterota,CF24,12,19,63.1578947368421
Thermosulfidibacterota,CF6,7,19,36.84210526315789
Thermotogota,CF0,16,510,3.1372549019607843
Thermotogota,CF11,5,510,0.9803921568627451
Thermotogota,CF12,123,510,24.11764705882353
Thermotogota,CF13,118,510,23.137254901960784
Thermotogota,CF14,102,510,20.0
Thermotogota,CF15_17,115,510,22.54901960784314
Thermotogota,CF17_20,21,510,4.117647058823529
Thermotogota,CF18,11,510,2.156862745098039
Thermotogota,CF19,4,510,0.7843137254901961
Thermotogota,CF20,6,510,1.1764705882352942
Thermotogota,CF24,121,510,23.72549019607843
Thermotogota,CF2_10,32,510,6.2745098039215685
Thermotogota,CF2_4,87,510,17.058823529411764
Thermotogota,CF5,115,510,22.54901960784314
Thermotogota,CF6,66,510,12.941176470588237
Thermotogota,CF7,12,510,2.3529411764705883
Thermotogota,CF8,33,510,6.470588235294119
Thermotogota,CF9_9,109,510,21.372549019607842
UBA10199,CF12,59,92,64.13043478260869
UBA10199,CF13,50,92,54.347826086956516
UBA10199,CF14,53,92,57.608695652173914
UBA10199,CF15_17,18,92,19.565217391304348
UBA10199,CF16,26,92,28.26086956521739
UBA10199,CF17_20,1,92,1.0869565217391304
UBA10199,CF18,1,92,1.0869565217391304
UBA10199,CF21,1,92,1.0869565217391304
UBA10199,CF23,1,92,1.0869565217391304
UBA10199,CF24,54,92,58.69565217391305
UBA10199,CF2_10,1,92,1.0869565217391304
UBA10199,CF2_4,1,92,1.0869565217391304
UBA10199,CF3,6,92,6.521739130434782
UBA10199,CF5,1,92,1.0869565217391304
UBA10199,CF6,9,92,9.782608695652174
UBA10199,CF7,5,92,5.434782608695652
UBA1439,CF12,8,16,50.0
UBA1439,CF13,8,16,50.0
UBA1439,CF14,1,16,6.25
UBA1439,CF17_20,1,16,6.25
UBA1439,CF18,1,16,6.25
UBA1439,CF23,6,16,37.5
UBA1439,CF24,6,16,37.5
UBA1439,CF2_10,1,16,6.25
UBA1439,CF2_4,1,16,6.25
UBA1439,CF5,6,16,37.5
UBA1439,CF6,2,16,12.5
UBA1439,CF7,5,16,31.25
UBA2233,CF12,2,3,66.66666666666666
UBA2233,CF13,1,3,33.33333333333333
UBA2233,CF24,2,3,66.66666666666666
UBA2233,CF5,1,3,33.33333333333333
UBA3054,CF1,7,20,35.0
UBA3054,CF12,16,20,80.0
UBA3054,CF13,14,20,70.0
UBA3054,CF14,10,20,50.0
UBA3054,CF16,5,20,25.0
UBA3054,CF17_20,9,20,45.0
UBA3054,CF2_10,1,20,5.0
UBA3054,CF2_4,3,20,15.0
UBA3054,CF5,1,20,5.0
UBA3054,CF6,1,20,5.0
UBA3054,CF7,1,20,5.0
UBA3054,CF9_9,13,20,65.0
UBA4055,CF1,2,24,8.333333333333332
UBA4055,CF12,14,24,58.333333333333336
UBA4055,CF13,14,24,58.333333333333336
UBA4055,CF14,14,24,58.333333333333336
UBA4055,CF16,13,24,54.166666666666664
UBA4055,CF17_20,2,24,8.333333333333332
UBA4055,CF18,1,24,4.166666666666666
UBA4055,CF23,4,24,16.666666666666664
UBA4055,CF2_10,2,24,8.333333333333332
UBA4055,CF2_4,2,24,8.333333333333332
UBA4055,CF3,1,24,4.166666666666666
UBA4055,CF5,2,24,8.333333333333332
UBA4055,CF6,1,24,4.166666666666666
UBA4055,CF9_9,13,24,54.166666666666664
UBA6262,CF12,15,23,65.21739130434783
UBA6262,CF13,8,23,34.78260869565217
UBA6262,CF14,8,23,34.78260869565217
UBA6262,CF15_17,10,23,43.47826086956522
UBA6262,CF6,4,23,17.391304347826086
UBA6266,CF12,5,7,71.42857142857143
UBA6266,CF13,1,7,14.285714285714285
UBA6266,CF14,5,7,71.42857142857143
UBA6266,CF6,4,7,57.14285714285714
UBA8248,CF12,22,47,46.808510638297875
UBA8248,CF13,12,47,25.53191489361702
UBA8248,CF14,21,47,44.680851063829785
UBA8248,CF16,11,47,23.404255319148938
UBA8248,CF24,20,47,42.5531914893617
UBA8248,CF4,21,47,44.680851063829785
UBA8248,CF6,11,47,23.404255319148938
UBA8481,CF12,3,4,75.0
UBA8481,CF13,1,4,25.0
UBA8481,CF14,3,4,75.0
UBA8481,CF16,2,4,50.0
UBA8481,CF2_10,1,4,25.0
UBA8481,CF5,2,4,50.0
UBA8481,CF6,2,4,50.0
UBA9089,CF12,21,31,67.74193548387096
UBA9089,CF13,9,31,29.03225806451613
UBA9089,CF14,8,31,25.806451612903224
UBA9089,CF15_17,8,31,25.806451612903224
UBA9089,CF24,16,31,51.61290322580645
UBA9089,CF6,7,31,22.58064516129032
UBP13,CF12,3,10,30.0
UBP13,CF13,2,10,20.0
UBP13,CF14,2,10,20.0
UBP13,CF15_17,2,10,20.0
UBP13,CF17_20,1,10,10.0
UBP14,CF12,18,21,85.71428571428571
UBP14,CF13,13,21,61.904761904761905
UBP14,CF14,14,21,66.66666666666666
UBP14,CF24,7,21,33.33333333333333
UBP14,CF5,9,21,42.857142857142854
UBP14,CF6,8,21,38.095238095238095
UBP14,CF7,2,21,9.523809523809524
UBP14,CF9_9,17,21,80.95238095238095
UBP15,CF12,11,17,64.70588235294117
UBP15,CF13,9,17,52.94117647058824
UBP15,CF14,6,17,35.294117647058826
UBP15,CF15_17,11,17,64.70588235294117
UBP15,CF16,11,17,64.70588235294117
UBP15,CF23,1,17,5.88235294117647
UBP15,CF25,1,17,5.88235294117647
UBP15,CF6,7,17,41.17647058823529
UBP15,CF7,3,17,17.647058823529413
UBP18,CF12,6,8,75.0
UBP18,CF13,3,8,37.5
UBP18,CF14,1,8,12.5
UBP18,CF5,1,8,12.5
UBP4,CF12,2,3,66.66666666666666
UBP4,CF13,2,3,66.66666666666666
UBP4,CF14,2,3,66.66666666666666
UBP4,CF24,2,3,66.66666666666666
UBP4,CF5,2,3,66.66666666666666
UBP4,CF6,1,3,33.33333333333333
UBP4,CF7,1,3,33.33333333333333
UBP6,CF12,30,58,51.724137931034484
UBP6,CF13,28,58,48.275862068965516
UBP6,CF14,28,58,48.275862068965516
UBP6,CF15_17,3,58,5.172413793103448
UBP6,CF16,26,58,44.827586206896555
UBP6,CF17_20,7,58,12.068965517241379
UBP6,CF18,4,58,6.896551724137931
UBP6,CF24,29,58,50.0
UBP6,CF5,3,58,5.172413793103448
UBP6,CF9_9,28,58,48.275862068965516
UBP7,CF12,4,9,44.44444444444444
UBP7,CF14,1,9,11.11111111111111
UBP7,CF16,3,9,33.33333333333333
UBP7,CF24,1,9,11.11111111111111
UBP7,CF5,1,9,11.11111111111111
Verrucomicrobiota,CF0,33,8325,0.3963963963963964
Verrucomicrobiota,CF1,435,8325,5.225225225225225
Verrucomicrobiota,CF10,45,8325,0.5405405405405406
Verrucomicrobiota,CF11,59,8325,0.7087087087087087
Verrucomicrobiota,CF12,3348,8325,40.21621621621622
Verrucomicrobiota,CF13,3139,8325,37.705705705705704
Verrucomicrobiota,CF14,2163,8325,25.98198198198198
Verrucomicrobiota,CF15_17,8,8325,0.0960960960960961
Verrucomicrobiota,CF16,2650,8325,31.83183183183183
Verrucomicrobiota,CF17_20,593,8325,7.123123123123124
Verrucomicrobiota,CF18,465,8325,5.585585585585585
Verrucomicrobiota,CF19,23,8325,0.27627627627627627
Verrucomicrobiota,CF20,1,8325,0.012012012012012012
Verrucomicrobiota,CF21,256,8325,3.075075075075075
Verrucomicrobiota,CF22,21,8325,0.25225225225225223
Verrucomicrobiota,CF23,730,8325,8.76876876876877
Verrucomicrobiota,CF24,583,8325,7.003003003003003
Verrucomicrobiota,CF25,3,8325,0.036036036036036036
Verrucomicrobiota,CF26,72,8325,0.8648648648648649
Verrucomicrobiota,CF2_10,217,8325,2.6066066066066065
Verrucomicrobiota,CF2_4,236,8325,2.834834834834835
Verrucomicrobiota,CF3,16,8325,0.1921921921921922
Verrucomicrobiota,CF4,383,8325,4.6006006006006
Verrucomicrobiota,CF5,1624,8325,19.50750750750751
Verrucomicrobiota,CF6,725,8325,8.708708708708707
Verrucomicrobiota,CF7,412,8325,4.948948948948948
Verrucomicrobiota,CF8,34,8325,0.4084084084084084
Verrucomicrobiota,CF9_9,126,8325,1.5135135135135136
Vulcanimicrobiota,CF0,7,441,1.5873015873015872
Vulcanimicrobiota,CF1,16,441,3.6281179138321997
Vulcanimicrobiota,CF12,269,441,60.997732426303855
Vulcanimicrobiota,CF13,209,441,47.3922902494331
Vulcanimicrobiota,CF14,147,441,33.33333333333333
Vulcanimicrobiota,CF15_17,221,441,50.11337868480725
Vulcanimicrobiota,CF16,136,441,30.839002267573694
Vulcanimicrobiota,CF17_20,43,441,9.750566893424036
Vulcanimicrobiota,CF18,40,441,9.070294784580499
Vulcanimicrobiota,CF19,4,441,0.9070294784580499
Vulcanimicrobiota,CF20,6,441,1.3605442176870748
Vulcanimicrobiota,CF21,11,441,2.494331065759637
Vulcanimicrobiota,CF22,1,441,0.22675736961451248
Vulcanimicrobiota,CF23,20,441,4.535147392290249
Vulcanimicrobiota,CF24,95,441,21.541950113378686
Vulcanimicrobiota,CF2_10,15,441,3.4013605442176873
Vulcanimicrobiota,CF2_4,19,441,4.308390022675737
Vulcanimicrobiota,CF4,58,441,13.151927437641723
Vulcanimicrobiota,CF5,183,441,41.49659863945578
Vulcanimicrobiota,CF6,49,441,11.11111111111111
Vulcanimicrobiota,CF7,70,441,15.873015873015872
Vulcanimicrobiota,CF8,7,441,1.5873015873015872
Vulcanimicrobiota,CF9_9,9,441,2.0408163265306123
WOR-3,CF12,186,384,48.4375
WOR-3,CF13,87,384,22.65625
WOR-3,CF14,97,384,25.260416666666668
WOR-3,CF15_17,4,384,1.0416666666666665
WOR-3,CF17_20,13,384,3.3854166666666665
WOR-3,CF18,13,384,3.3854166666666665
WOR-3,CF20,9,384,2.34375
WOR-3,CF22,4,384,1.0416666666666665
WOR-3,CF23,1,384,0.26041666666666663
WOR-3,CF24,169,384,44.01041666666667
WOR-3,CF2_10,1,384,0.26041666666666663
WOR-3,CF2_4,5,384,1.3020833333333335
WOR-3,CF5,18,384,4.6875
WOR-3,CF6,46,384,11.979166666666668
WOR-3,CF7,12,384,3.125
WOR-3,CF9_9,19,384,4.947916666666666
Zhuqueibacterota,CF1,3,204,1.4705882352941175
Zhuqueibacterota,CF12,103,204,50.49019607843137
Zhuqueibacterota,CF13,86,204,42.15686274509804
Zhuqueibacterota,CF14,89,204,43.627450980392155
Zhuqueibacterota,CF17_20,25,204,12.254901960784313
Zhuqueibacterota,CF18,12,204,5.88235294117647
Zhuqueibacterota,CF21,22,204,10.784313725490197
Zhuqueibacterota,CF23,1,204,0.49019607843137253
Zhuqueibacterota,CF24,93,204,45.588235294117645
Zhuqueibacterota,CF2_10,5,204,2.450980392156863
Zhuqueibacterota,CF2_4,7,204,3.431372549019608
Zhuqueibacterota,CF5,45,204,22.058823529411764
Zhuqueibacterota,CF6,61,204,29.901960784313726
Zhuqueibacterota,CF7,14,204,6.862745098039216
Zhuqueibacterota,CF9_9,94,204,46.07843137254902
Zixibacteria,CF12,166,216,76.85185185185185
Zixibacteria,CF13,159,216,73.61111111111111
Zixibacteria,CF14,153,216,70.83333333333334
Zixibacteria,CF17_20,1,216,0.4629629629629629
Zixibacteria,CF18,4,216,1.8518518518518516
Zixibacteria,CF19,1,216,0.4629629629629629
Zixibacteria,CF21,4,216,1.8518518518518516
Zixibacteria,CF24,9,216,4.166666666666666
Zixibacteria,CF26,12,216,5.555555555555555
Zixibacteria,CF6,66,216,30.555555555555557
Zixibacteria,CF7,28,216,12.962962962962962
Zixibacteria,CF9_9,158,216,73.14814814814815
